Von grimmelshausen,18
Maceachthighearna,17
Chrysanthopoulos,16
Alexandropoulos,15
Georgeakopoulos,15
Panayiotopoulos,15
Paraskevopoulos,15
Von ingersleben,15
Arvanitoyannis,14
Giannakopoulos,14
Hadjiyianakies,14
Schwarzenegger,14
Theofilopoulos,14
Thistlethwaite,14
Brisimitzakis,13
Christodoulou,13
Cuidightheach,13
Diakogeorgiou,13
Fenstermacher,13
Freudenberger,13
Gavrilopoulos,13
Grammatakakis,13
Moraitopoulos,13
Schwinghammer,13
Wrigglesworth,13
Adlersflügel,12
Akrivopoulos,12
Angelopoulos,12
Antimisiaris,12
Antonopoulos,12
Eatherington,12
Fashingbauer,12
Featherstone,12
Fotheringham,12
Frangopoulos,12
Galanopoulos,12
Gianakopulos,12
Greenshields,12
Haritopoulos,12
Heppenheimer,12
Hetherington,12
Ketteringham,12
Konstantatos,12
Kotsiopoulos,12
Manoukarakis,12
Mathghamhain,12
Muirchertach,12
Mushanaokoji,12
O'Callaghann,12
Pappayiorgas,12
Protopsaltis,12
Seelenfreund,12
Shuttleworth,12
Stavropoulos,12
Titterington,12
Varvitsiotes,12
Vassilopulos,12
Wolstencroft,12
Zilberschlag,12
Baumgartner,11
Baumgärtner,11
Beckenbauer,11
Braithwaite,11
Brinkerhoff,11
Burgstaller,11
Butterworth,11
Calogerakis,11
Chamberlain,11
Collingwood,11
Dúbhshlaine,11
Easterbrook,11
Etherington,11
Fairbrother,11
Fairweather,11
Fitzpatrick,11
Fitzsimmons,11
Frederikson,11
Gallchobhar,11
Goldschmidt,11
Goldsworthy,11
Higashikuni,11
Higashiyama,11
Illingworth,11
Ingersleben,11
Inglethorpe,11
Kalbfleisch,11
Kapsimalles,11
Karkampasis,11
Karnoupakis,11
Katsourinis,11
Kibblewhite,11
Kirkpatrick,11
Koenigsmann,11
Komatsuzaki,11
Kotsilimbas,11
Kouropoulos,11
Leontarakis,11
Lichtenberg,11
Livingstone,11
Macclelland,11
Macghabhann,11
Macshuibhne,11
Maolmhuaidh,11
Mendelssohn,11
Morgenstern,11
Nightingale,11
Nishimuraya,11
O'Hannagain,11
O'Hannigain,11
Oppenheimer,11
Papadopulos,11
Paternoster,11
Patrianakos,11
Pickersgill,11
Polymenakou,11
Prendergast,11
Raghailligh,11
Ravenscroft,11
Riseborough,11
Rosenberger,11
Sakellariou,11
Schuhmacher,11
Schultheiss,11
Shakespeare,11
Shaughnessy,11
Shichirobei,11
Shimanouchi,11
Silverstein,11
Sklavenitis,11
Sluaghadhan,11
Stoppelbein,11
Tankoshitsu,11
Teshigahara,11
Tighearnach,11
Von wegberg,11
Walkenhorst,11
Whittingham,11
Whittington,11
Wintersgill,11
Worthington,11
Wotherspoon,11
Yamaguchiya,11
Achterberg,10
Aeschelman,10
Albrighton,10
Antoniadis,10
Armbruster,10
Armbrüster,10
Arrowsmith,10
Atherstone,10
Auttenberg,10
Bainbridge,10
Ballantyne,10
Beyersdorf,10
Binnington,10
Blumenthal,10
Breisacher,10
Breitbarth,10
Broadhurst,10
Brookfield,10
Broomfield,10
Buckingham,10
Carmichael,10
Carrington,10
Carruthers,10
Cartwright,10
Ceallachan,10
Chatterton,10
Chikamatsu,10
Chikanatsu,10
Christakos,10
Conchobhar,10
Corraidhin,10
Cunningham,10
Darbyshire,10
Darlington,10
Demetrious,10
Diefenbach,10
Donndubhan,10
Dorrington,10
Douthwaite,10
Drinkwater,10
Ecclestone,10
Eliopoulos,10
Fairclough,10
Falkenrath,10
Farnsworth,10
Farrington,10
Feigenbaum,10
Fernyhough,10
Fitzgerald,10
Fothergill,10
Fotopoulos,10
Gottschalk,10
Greenslade,10
Greensmith,10
Gutteridge,10
Hachirobei,10
Hargreaves,10
Harrington,10
Hatakeyama,10
Hildebrand,10
Hiratasuka,10
Hodgkinson,10
Hofmeister,10
Holdsworth,10
Holzknecht,10
Hutchinson,10
Inglefield,10
Ippitsusai,10
Ironmonger,10
Ishinomori,10
Jollenbeck,10
Kakinomoto,10
Karahalios,10
Karamorita,10
Katayanagi,10
Katsushika,10
Kensington,10
Kettlewell,10
Kilminster,10
Kinnersley,10
Kinniburgh,10
Kirkbright,10
Kitabatake,10
Knochenmus,10
Königsmann,10
Koulaxizis,10
Koumanidis,10
Koustoubos,10
Koutsoubos,10
Kristensen,10
Langenberg,10
Le tissier,10
Lethbridge,10
Litchfield,10
Littlewood,10
Macdermott,10
Macfarland,10
Macfarlane,10
Maciomhair,10
Macpherson,10
Makricosta,10
Malihoudis,10
Marquering,10
Marquerink,10
Matsushina,10
Matsushita,10
Mccullough,10
Mcguinness,10
Mclaughlin,10
Mcloughlin,10
Mendelsohn,10
Metrofanis,10
Michalaras,10
Millington,10
Mitsubishi,10
Montgomery,10
Mushashibo,10
Normington,10
Norsworthy,10
Nussenbaum,10
O'Donoghue,10
O'Driscoll,10
O'Halloran,10
O'Loughlin,10
O'Sullivan,10
Ocallaghan,10
Palfreyman,10
Pantelakos,10
Papadelias,10
Papageorge,10
Partington,10
Pendlebury,10
Pennington,10
Pilkington,10
Rademacher,10
Rawsthorne,10
Regenbogen,10
Richardson,10
Rosenblatt,10
Rosenbloom,10
Rothenberg,10
Rothschild,10
Rushbrooke,10
Rutherford,10
Sakakibara,10
Scheinberg,10
Schoettmer,10
Schuchardt,10
Schultheis,10
Schumacher,10
Schuttmann,10
Shackleton,10
Shibaguchi,10
Shigemitsu,10
Shiskikura,10
Somerville,10
Spellmeyer,10
Spitznogle,10
Stamatelos,10
Stephenson,10
Strickland,10
Stroggylis,10
Strohkirch,10
Sunderland,10
Sutherland,10
Takenouchi,10
Tassioglou,10
Timberlake,10
Tsucgimoto,10
Turkington,10
Unterbrink,10
Vamvakidis,10
Van tonder,10
Vassilikos,10
Von brandt,10
Wainwright,10
Warrington,10
Waterfield,10
Waterhouse,10
Wellington,10
Westerberg,10
Wheatcroft,10
Whitehouse,10
Williamson,10
Winstanley,10
Wooldridge,10
Yamanouchi,10
Yanagimoto,10
Yoshimatsu,10
Zimmermann,10
Zouvelekis,10
Ackermann,9
Ainsworth,9
Aitchison,9
Akutagawa,9
Aldersley,9
Alexandar,9
Alexander,9
Alexnader,9
Alldridge,9
Allington,9
Andersson,9
Antonakos,9
Appleyard,9
Arihyoshi,9
Armstrong,9
Ashbridge,9
Atterbury,9
Autenburg,9
Avgerinos,9
Bachmeier,9
Bannister,9
Batchelor,9
Baumhauer,9
Bertsimas,9
Beveridge,9
Bischoffs,9
Blackburn,9
Blackmore,9
Blackwell,9
Blanchard,9
Blumstein,9
Bouloukos,9
Brandrick,9
Brelsford,9
Broadbent,9
Broughton,9
Buckholtz,9
Bumgarner,9
Callaghan,9
Carpenter,9
Cathasach,9
Cearbhall,9
Chevrolet,9
Churchill,9
Collinson,9
Cotterill,9
Cracknell,9
Cresswell,9
Crossland,9
Daugherty,9
Davenport,9
Delamarre,9
Demarchis,9
Devonport,9
Dickenson,9
Dickinson,9
Donaldson,9
Donnachie,9
Donnchadh,9
Dougherty,9
Drechsler,9
Dreschner,9
Driffield,9
Duckworth,9
Eansworth,9
Eberhardt,9
Eccleston,9
Eckersall,9
Eckersley,9
Eddleston,9
Edlington,9
Edmondson,9
Edmundson,9
Eggleston,9
Elkington,9
Ellershaw,9
Ellingham,9
Entwistle,9
Errington,9
Etheridge,9
Fairbairn,9
Fairbrace,9
Fairchild,9
Fairhurst,9
Farnworth,9
Ferdinand,9
Fernandez,9
Finnimore,9
Fleetwood,9
Fleischer,9
Foerstner,9
Forrester,9
Frankland,9
Frederick,9
Freestone,9
Friedrich,9
Fujishima,9
Fukumitsu,9
Fukushima,9
Fullerton,9
Funabashi,9
Funakoshi,9
Futabatei,9
Galbraith,9
Gallacher,9
Gallagher,9
Galliford,9
Garofalis,9
Gauntlett,9
Geracimos,9
Giannakos,9
Gilchrist,9
Gilfillan,9
Gillespie,9
Gilmartin,9
Glencross,9
Glynatsis,9
Goldsmith,9
Goodchild,9
Goodridge,9
Greenaway,9
Greenberg,9
Greenhill,9
Greenleaf,9
Greenwood,9
Griffiths,9
Grosvenor,9
Grünewald,9
Gutermuth,9
Guttridge,9
Halliwell,9
Hamaguchi,9
Haruguchi,9
Hasenkamp,9
Hashimoto,9
Hawkridge,9
Hayashida,9
Heathcote,9
Heinrichs,9
Hellewege,9
Hemingway,9
Henderson,9
Hideyoshi,9
Higginson,9
Hisamatsu,9
Hishikawa,9
Hitchcock,9
Hodkinson,9
Hopkinson,9
Horigoshi,9
Humphreys,9
Humphries,9
Hutchings,9
Hutchison,9
Hutmacher,9
Hyobanshi,9
Ichimonji,9
Ichiyusai,9
Ingermann,9
Isherwood,9
Ishibashi,9
Jefferies,9
Jefferson,9
Jenkinson,9
Jippensha,9
Johannson,9
Johnstone,9
Kaglantge,9
Kalogeria,9
Kaloxylos,9
Karameros,9
Kasamatsu,9
Kashiwagi,9
Kassmeyer,9
Katsukawa,9
Katsumata,9
Kauffmann,9
Kawagichi,9
Kawagishi,9
Kawaguchi,9
Kawashima,9
Kazuyoshi,9
Kenkyusha,9
Kenneford,9
Kenworthy,9
Kerrighen,9
Kinashita,9
Kingscott,9
Kinoshita,9
Kirkbride,9
Knightley,9
Knoxville,9
Kobayashi,9
Kourempes,9
Kuramochi,9
Lancaster,9
Langridge,9
Lattimore,9
Lewerentz,9
Lewington,9
Lieberenz,9
Lightfoot,9
Livermore,9
Llewellyn,9
Lofthouse,9
Longhurst,9
Longworth,9
Louverdis,9
Lovegrove,9
Lowbridge,9
Luckhurst,9
Macarthur,9
Macdonald,9
Macgregor,9
Macintyre,9
Mackenzie,9
Macmillan,9
Madaidhin,9
Makiguchi,9
Mallinson,9
Mansfield,9
Markwardt,9
Marquardt,9
Matsoukis,9
Matsukata,9
Matsumara,9
Matsumoto,9
Matsumura,9
Matsuzawa,9
Mccaffrey,9
Mccartney,9
Mccluskey,9
Mcclymont,9
Mcconnell,9
Mccormack,9
Mccormick,9
Mcculloch,9
Mcdermott,9
Mcdonnell,9
Mcdougall,9
Mcfarlane,9
Mcpherson,9
Mctaggart,9
Meinhardt,9
Mersinias,9
Middleton,9
Minabuchi,9
Missiakos,9
Mitsuharu,9
Mitsukuri,9
Mitzusaka,9
Mizoguchi,9
Monomonoi,9
Moorhouse,9
Moriguchi,9
Morishita,9
Motoyoshi,9
Muraguchi,9
Nagatsuka,9
Nakanishi,9
Narahashi,9
Neaverson,9
Neighbour,9
Nettleton,9
Newington,9
Nicholson,9
Nishihara,9
Nishikawa,9
Nishimoto,9
Nishimura,9
Nishiwaki,9
Northcott,9
Nuremberg,9
O'Connell,9
O'Doherty,9
O'Donnell,9
O'Mahoney,9
Odonoghue,9
Odriscoll,9
Ohalloran,9
Okazawaya,9
Ollerhead,9
Oloughlin,9
Ostcliffe,9
Osullivan,9
Overfield,9
Paloumbas,9
Pankhurst,9
Panoulias,9
Papoutsis,9
Parkinson,9
Partridge,9
Paschalis,9
Patterson,9
Pattinson,9
Pawlitzki,9
Pemberton,9
Pendleton,9
Petimezas,9
Petticrew,9
Pickering,9
Pickthall,9
Pitchford,9
Pritchard,9
Quinlivan,9
Radcliffe,9
Rademaker,9
Raikatuji,9
Ratcliffe,9
Rawlinson,9
Robertson,9
Rockliffe,9
Rodrigues,9
Rodriguez,9
Rollinson,9
Rosenberg,9
Rosenfeld,9
Rothbauer,9
Routledge,9
Rowlinson,9
Sakelaris,9
Sakiyurai,9
Salisbury,9
Salzwedel,9
Sanderson,9
Sawamatsu,9
Schindler,9
Schlender,9
Schlusser,9
Schmeling,9
Schneider,9
Schofield,9
Schroeder,9
Schroeter,9
Schuchard,9
Schuchert,9
Schwangau,9
Scolaidhe,9
Sfakianos,9
Sheinfeld,9
Shibanuma,9
Shibasaki,9
Shibasawa,9
Shidehara,9
Shiganori,9
Shimakage,9
Shimamura,9
Shimazaki,9
Shimohira,9
Shinozaki,9
Shinozuka,9
Shirahata,9
Shiraishi,9
Shiratori,9
Shirokawa,9
Shiroyama,9
Singleton,9
Smallwood,9
Southgate,9
Southwick,9
Spannagel,9
Sponaugle,9
Stanfield,9
Steinmann,9
Stenhouse,9
Sternberg,9
Stevenson,9
Strilakos,9
Sylvester,9
Tableriou,9
Taflambas,9
Takahashi,9
Takashita,9
Takemitsu,9
Takeshita,9
Takishida,9
Takishita,9
Taniguchi,9
Templeman,9
Templeton,9
Thackeray,9
Thirlwall,9
Thirlwell,9
Thorndyke,9
Thornhill,9
Tochikura,9
Tomlinson,9
Toshishai,9
Toshitala,9
Toyoshima,9
Trumbauer,9
Tsangaris,9
Tsubouchi,9
Tsujimoto,9
Tsujimura,9
Tsukahara,9
Tsukamoto,9
Tsukatani,9
Tsukawaki,9
Tsukehara,9
Tsumemasa,9
Underdown,9
Underhill,9
Underwood,9
Urogataya,9
Valentine,9
Vancoller,9
Vickerman,9
Vinicombe,9
Von essen,9
Wakatsuki,9
Wakefield,9
Waldfogel,9
Waldvogel,9
Warburton,9
Wateridge,9
Watkinson,9
Waxweiler,9
Wetterman,9
Whiteford,9
Whitehead,9
Whitfield,9
Whittaker,9
Whitworth,9
Widdowson,9
Wildgrube,9
Wilkinson,9
Wilkshire,9
Wiltshire,9
Woodhouse,9
Woolnough,9
Wrightson,9
Yamaguchi,9
Yamashita,9
Yeardsley,9
Yoshifumi,9
Yoshihara,9
Yoshikawa,9
Yoshinobu,9
Yoshitomi,9
Yoshizaki,9
Yoshizawa,9
Zellweger,9
Zimmerman,9
Abrahams,8
Achilles,8
Adamidis,8
Adderley,8
Addinall,8
Adenauer,8
Agelakos,8
Akamatsu,8
Akatsuka,8
Albrecht,8
Alderson,8
Aldridge,8
Aldworth,8
Alesbury,8
Aleshire,8
Aleshite,8
Alldritt,8
Amesbury,8
Anderson,8
Anderton,8
Anetakis,8
Anscombe,8
Aonghuis,8
Appleton,8
Arishima,8
Armitage,8
Ashbrook,8
Ashcroft,8
Ashikaga,8
Ashworth,8
Aspinall,8
Atherley,8
Atherton,8
Atkinson,8
Atshushi,8
Atterton,8
Attewell,8
Auberton,8
Augustin,8
Baisotei,8
Bancroft,8
Bartlett,8
Batsakis,8
Baumbach,8
Beaumont,8
Behrends,8
Benfield,8
Benjamin,8
Bergfalk,8
Beringer,8
Bhrighde,8
Biermann,8
Blackman,8
Blakeley,8
Blundell,8
Borchard,8
Böttcher,8
Bradbury,8
Bradshaw,8
Broadley,8
Brodbeck,8
Browning,8
Buchanan,8
Buchholz,8
Bursinos,8
Caldwell,8
Calveley,8
Campbell,8
Carnegie,8
Cashmore,8
Cavanagh,8
Ceallach,8
Cennetig,8
Chadwick,8
Chalmers,8
Chambers,8
Chandler,8
Chantler,8
Chappell,8
Charlton,8
Charnock,8
Cheetham,8
Cheshire,8
Chilvers,8
Chisholm,8
Christie,8
Christou,8
Clarkson,8
Cleirich,8
Cleirigh,8
Clements,8
Clifford,8
Cnaimhin,8
Cochrane,8
Cockburn,8
Conneely,8
Connelly,8
Connolly,8
Copeland,8
Corcoran,8
Corrigan,8
Cosgrove,8
Costello,8
Cottrell,8
Crabtree,8
Crawford,8
Crossley,8
Croucher,8
Crowther,8
Cummings,8
Dalianis,8
Daniells,8
Dardenne,8
Davidson,8
Debenham,8
Deighton,8
Dempster,8
Dertilis,8
Devenish,8
Deverell,8
Diarmaid,8
Dietrich,8
Dioletis,8
Docherty,8
Domhnall,8
Donnelly,8
Donoghue,8
Dresdner,8
Dressler,8
Driscoll,8
Drivakis,8
Drummond,8
Drysdale,8
Duffield,8
Dunsford,8
Eastaugh,8
Eastaway,8
Eastwood,8
Eckstein,8
Edgerton,8
Egonidis,8
Ekiguchi,8
Eldeston,8
Eldridge,8
Elliston,8
Elmhirst,8
Elworthy,8
Emberson,8
Embleton,8
Emmanuel,8
Emmerson,8
Enticott,8
Etchells,8
Etherton,8
Everdell,8
Everhart,8
Fakhoury,8
Falconer,8
Farrelly,8
Faulkner,8
Fearghal,8
Fearnley,8
Ferguson,8
Ferreira,8
Fewtrell,8
Fielding,8
Finnegan,8
Finnigan,8
Fishlock,8
Fitchett,8
Flaherty,8
Flanagan,8
Flanders,8
Flannery,8
Fletcher,8
Fontaine,8
Forester,8
Förstner,8
Forsythe,8
Fountain,8
Fourakis,8
Frampton,8
Frankish,8
Franklin,8
Freeburn,8
Freedman,8
Fretwell,8
Froggatt,8
Froggett,8
Frostick,8
Fugunaga,8
Fuhrmann,8
Fujikage,8
Fujimaki,8
Fujimoto,8
Fujiwara,8
Fukayama,8
Fukunaka,8
Fukusaku,8
Fukuyama,8
Fukuzawa,8
Fulleron,8
Fumihiko,8
Furusawa,8
Fuschida,8
Gaertner,8
Galloway,8
Gardener,8
Gardiner,8
Gascoyne,8
Geissler,8
Geiszler,8
Gerhardt,8
Girdwood,8
Gladwell,8
Glaister,8
Gledhill,8
Glöckner,8
Goldberg,8
Gonzalez,8
Goodacre,8
Goodyear,8
Gottlieb,8
Goulding,8
Govender,8
Grainger,8
Greenall,8
Greening,8
Greenway,8
Grierson,8
Griffith,8
Grimshaw,8
Guilmard,8
Guirguis,8
Gushiken,8
Hadfield,8
Hagiwara,8
Halliday,8
Halstead,8
Hamamoto,8
Hamilton,8
Hanabusa,8
Hardwick,8
Harkness,8
Harrison,8
Hartmann,8
Hasegawa,8
Hasekura,8
Hasimoto,8
Hastings,8
Hatakeda,8
Hatayama,8
Hatoyama,8
Hayakawa,8
Heidrich,8
Heinrich,8
Hemmings,8
Heneghan,8
Hennessy,8
Heritage,8
Herrmann,8
Herschel,8
Hinrichs,8
Hiranuma,8
Hirayama,8
Hiroyuki,8
Hiscocks,8
Hochberg,8
Hodgkins,8
Hoffmann,8
Holloway,8
Holzmann,8
Horiatis,8
Horigome,8
Horiuchi,8
Horowitz,8
Horrocks,8
Hosokawa,8
Hosokaya,8
Houghton,8
Huffmann,8
Humphrey,8
Hutchins,8
Ibbotson,8
Ichigawa,8
Ichihara,8
Ichikawa,8
Ichisada,8
Igarashi,8
Iggleden,8
Imaizumi,8
Ingledew,8
Inoguchi,8
Isherwod,8
Ishiguro,8
Ishihara,8
Ishikawa,8
Ishimaru,8
Ishimura,8
Ishiyama,8
Iwahashi,8
Jacobson,8
Jamieson,8
Jeffcock,8
Jeffreys,8
Jeffries,8
Jennings,8
Jennison,8
Johansen,8
Johanson,8
Johnston,8
Jordison,8
Kajahara,8
Kajitani,8
Kajiwara,8
Kajiyama,8
Kakutama,8
Kaminaga,8
Kamisaka,8
Kampfner,8
Kanagaki,8
Kanegawa,8
Kanesaka,8
Kasahara,8
Katayama,8
Kavanagh,8
Kawabata,8
Kawakami,8
Kawamata,8
Kawamura,8
Kawasaki,8
Kawasawa,8
Kawatake,8
Kawayama,8
Kearsley,8
Keaveney,8
Keighley,8
Kelliher,8
Kempster,8
Kendrick,8
Kenmotsu,8
Kentwood,8
Kerridge,8
Kerrigan,8
Kerrison,8
Kijimuta,8
Kikugawa,8
Kikutake,8
Kilbride,8
Kilmurry,8
Kimiyama,8
Kinghorn,8
Kingsley,8
Kingston,8
Kinnaird,8
Kinnison,8
Kinsella,8
Kinugasa,8
Kirchner,8
Kirkland,8
Kirkwood,8
Kitagawa,8
Kitamura,8
Kitching,8
Klossner,8
Knappett,8
Knighton,8
Knuckles,8
Komagata,8
Kouretas,8
Koyanagi,8
Kreyling,8
Kromberg,8
Kumasaka,8
Kunikida,8
Kunisada,8
Kunomasu,8
Kuramoto,8
Kurmochi,8
Kurofuji,8
Kurogane,8
Kurohiko,8
Kurosawa,8
Kurzmann,8
Kusonoki,8
Kusuhara,8
Kusunoki,8
Kuwabara,8
Kyritsis,8
Laberenz,8
Lafrentz,8
Langford,8
Langston,8
Larkings,8
Laverick,8
Lawerenz,8
Lawrance,8
Lawrence,8
Leighton,8
Leverenz,8
Lewerenz,8
Lockhart,8
Lockwood,8
Lonsdale,8
Lorenzen,8
Loughran,8
Lovelock,8
Ludgrove,8
Luscombe,8
Luttrell,8
Macaulay,8
Maddocks,8
Maneates,8
Mangnall,8
Marriott,8
Marshall,8
Martinez,8
Marubeni,8
Maruyama,8
Masanobu,8
Matheson,8
Matsuoka,8
Matthams,8
Matthews,8
Mayuzumi,8
Mcarthur,8
Mccallum,8
Mccarthy,8
Mcdonagh,8
Mcdonald,8
Mcfadden,8
Mcgregor,8
Mcintosh,8
Mcintyre,8
Mckenzie,8
Mclellan,8
Mcmillan,8
Mcnamara,8
Mcnaught,8
Meissner,8
Melsbach,8
Meredith,8
Messerli,8
Messmann,8
Metcalfe,8
Milionis,8
Milligan,8
Millward,8
Mimasuya,8
Minamoto,8
Minatoya,8
Mitchell,8
Miyahara,8
Miyajima,8
Miyamoto,8
Miyazaki,8
Miyazawa,8
Mizumaki,8
Mizutani,8
Moghadam,8
Mohammed,8
Molyneux,8
Momotami,8
Momotani,8
Monaghan,8
Montague,8
Moriarty,8
Morimoto,8
Morinaga,8
Morrison,8
Mortimer,8
Muhlfeld,8
Mulligan,8
Munakata,8
Murakami,8
Murasaki,8
Murchadh,8
Muruyama,8
Nagahama,8
Nagasawa,8
Nakagawa,8
Nakahara,8
Nakajima,8
Nakamoto,8
Nakamura,8
Nakasato,8
Nakasawa,8
Nakasone,8
Nakatoni,8
Nakayama,8
Nakazawa,8
Naoimhin,8
Naughton,8
Naysmith,8
Nessbert,8
Newberry,8
Newcombe,8
Newlands,8
Newstead,8
Nicholas,8
Nicholls,8
Nickolls,8
Nicolson,8
Nikolaou,8
Ninomiya,8
Nobunaga,8
Nonomura,8
Norcross,8
Norgrove,8
Norville,8
Numajiri,8
Nussbaum,8
O'Connor,8
O'Gorman,8
O'Hanlon,8
O'Keeffe,8
O'Mahony,8
O'Malley,8
O'Mooney,8
O'Reilly,8
O'Rourke,8
Oatridge,8
Oconnell,8
Odonnell,8
Oldfield,8
Openshaw,8
Ormiston,8
Paitakes,8
Pantelas,8
Paraskos,8
Partlett,8
Pasfield,8
Passmore,8
Patchett,8
Paterson,8
Patselas,8
Pattison,8
Percival,8
Petersen,8
Peterson,8
Petrakis,8
Pfenning,8
Pharlain,8
Phillips,8
Philpott,8
Pickford,8
Pinsmail,8
Pispinis,8
Pletcher,8
Pomphrey,8
Prentice,8
Prescott,8
Quinnell,8
Quraishi,8
Rafferty,8
Rainford,8
Rampling,8
Rawlings,8
Reasbeck,8
Register,8
Rennalls,8
Reynolds,8
Richards,8
Richmond,8
Rickards,8
Ricketts,8
Ridgwell,8
Robinson,8
Robishaw,8
Robotham,8
Rochford,8
Rogerson,8
Ronflard,8
Rothwell,8
Rowlands,8
Ruadhain,8
Sakagami,8
Sakamoto,8
Sakanoue,8
Sakubara,8
Sakuraba,8
Sandison,8
Sardelis,8
Sarumara,8
Sasakawa,8
Saunders,8
Sawamura,8
Schermer,8
Schirmer,8
Schlimme,8
Schrader,8
Schräder,8
Schreier,8
Schröder,8
Schröter,8
Schubert,8
Schuhart,8
Schultes,8
Schultze,8
Schuster,8
Schwartz,8
Schwenke,8
Seaghdha,8
Sechnall,8
Sekigawa,8
Sekozawa,8
Senmatsu,8
Serizawa,8
Shalhoub,8
Sharples,8
Shepherd,8
Sheppard,8
Sheridan,8
Sherriff,8
Sherwood,8
Shibukji,8
Shikitei,8
Shimaoka,8
Shimedzu,8
Shintaro,8
Shiokawa,8
Shiomiya,8
Shionoya,8
Shiotani,8
Simmonds,8
Sinclair,8
Slattery,8
Slocombe,8
Smithson,8
Snelling,8
Sotomura,8
Southern,8
Spyridis,8
Stafford,8
Stainton,8
Stamatas,8
Stanford,8
Stannard,8
Steadman,8
Stephens,8
Sterling,8
Stockley,8
Stoddart,8
Stoppard,8
Strachan,8
Stretton,8
Stringer,8
Sturgess,8
Sturrock,8
Sugawara,8
Sugihara,8
Sugimura,8
Sugisata,8
Sugitani,8
Sugiyama,8
Sullivan,8
Sulzbach,8
Sumitimo,8
Sweeting,8
Takagaki,8
Takagawa,8
Takahama,8
Takamura,8
Takarabe,8
Takasugi,8
Takayama,8
Takecare,8
Takekawa,8
Takemago,8
Takemura,8
Taketomo,8
Takeuchi,8
Takewaki,8
Takimoto,8
Takizawa,8
Takudome,8
Tamazaki,8
Tangeman,8
Tanizaki,8
Tapscott,8
Tatenaka,8
Tawaraya,8
Teasdale,8
Terajima,8
Terakado,8
Terauchi,8
Thackray,8
Thatcher,8
Thelwell,8
Theohari,8
Thirlway,8
Thomason,8
Thompson,8
Thornley,8
Thornton,8
Thurgood,8
Thurling,8
Thurston,8
Tidmarsh,8
Tiedeman,8
Titmarsh,8
Tokudome,8
Tomimoto,8
Tomonaga,8
Tompkins,8
Torrance,8
Toshusai,8
Townsend,8
Townsley,8
Toyotomi,8
Trafford,8
Trattles,8
Treasach,8
Trennery,8
Treseder,8
Trickett,8
Trollope,8
Truscott,8
Tsahalis,8
Tsoumada,8
Tsukioka,8
Tsushima,8
Tuffnell,8
Tunstall,8
Turnbull,8
Uboshita,8
Uchiyama,8
Unsworth,8
Utterson,8
Uttridge,8
Vallance,8
Vanstone,8
Varndell,8
Venables,8
Villiger,8
Vonnegut,8
Wagstaff,8
Wakeford,8
Walmsley,8
Warriner,8
Watanabe,8
Waterman,8
Waterson,8
Wechsler,8
Wedekind,8
Westgate,8
Westlake,8
Westwell,8
Westwood,8
Wheatley,8
Wheeldon,8
Whitaker,8
Whitelaw,8
Whiteley,8
Whitlock,8
Whitmore,8
Whittley,8
Willetts,8
Williams,8
Winfield,8
Wirnhier,8
Woodcock,8
Woodford,8
Woodhall,8
Woodhams,8
Woodhead,8
Woodland,8
Woodward,8
Woollard,8
Xylander,8
Yamagata,8
Yamahata,8
Yamakage,8
Yamakawa,8
Yamakazi,8
Yamamoto,8
Yamamura,8
Yamanaka,8
Yamanoue,8
Yamawaki,8
Yamazaki,8
Yanagawa,8
Yanagita,8
Yasuhiro,8
Yasujiro,8
Yasukawa,8
Yasutake,8
Yeardley,8
Yokokawa,8
Yokoyama,8
Yoshioka,8
Youssouf,8
Yunokawa,8
Abraham,7
Abukara,7
Ackroyd,7
Adamson,7
Addison,7
Aderson,7
Ajibana,7
Akimoto,7
Akiyama,7
Alanson,7
Alladee,7
Allaway,7
Allcock,7
Allcott,7
Allgood,7
Alliott,7
Allison,7
Allkins,7
Allport,7
Allwood,7
Althaus,7
Althoff,7
Amagawa,7
Ambrose,7
Andrews,7
Anthony,7
Antipas,7
Aonghus,7
Appleby,7
Arakawa,7
Arakida,7
Ariwara,7
Armsden,7
Arscott,7
Artliff,7
Asahara,7
Asanuma,7
Ashdown,7
Ashford,7
Ashurst,7
Ashwell,7
Astbury,7
Asuhara,7
Attrill,7
Attwood,7
Au-Yong,7
Ayabito,7
Ayliffe,7
Aylward,7
Baldwin,7
Ballard,7
Bambach,7
Bamford,7
Barclay,7
Barnard,7
Barnett,7
Barrett,7
Bassett,7
Bateman,7
Baumann,7
Bayliss,7
Beamish,7
Beattie,7
Beckert,7
Bedford,7
Behrend,7
Bekyros,7
Belesis,7
Bellamy,7
Bennett,7
Bentley,7
Bernard,7
Bethell,7
Bickley,7
Bingham,7
Bishara,7
Bithell,7
Blecher,7
Boehler,7
Borland,7
Bostock,7
Boulton,7
Boutros,7
Bradach,7
Bradley,7
Bramley,7
Brannon,7
Breiner,7
Brennan,7
Bridges,7
Bristow,7
Britton,7
Brooker,7
Brookes,7
Brunton,7
Buckley,7
Bullock,7
Burdett,7
Burford,7
Burgess,7
Burland,7
Burnett,7
Burrows,7
Butcher,7
Calvert,7
Cameron,7
Carling,7
Carroll,7
Cassidy,7
Cathain,7
Chaplin,7
Chapman,7
Chapple,7
Charles,7
Chauhan,7
Chellos,7
Chester,7
Chidlow,7
Christy,7
Ciardha,7
Clayton,7
Cleaver,7
Clifton,7
Coghlan,7
Coilean,7
Coleman,7
Collard,7
Collett,7
Collier,7
Collins,7
Compton,7
Connell,7
Cookson,7
Coomber,7
Coombes,7
Copland,7
Corbett,7
Corlett,7
Cormack,7
Cornish,7
Cornock,7
Coulson,7
Coulter,7
Cousins,7
Crawley,7
Creasey,7
Crocker,7
Crowley,7
Cumming,7
Cummins,7
Curwood,7
Dalzell,7
Damhain,7
Daniels,7
Davison,7
Dawkins,7
Deguchi,7
Delaney,7
Demakis,7
Dempsey,7
Dermody,7
Derrick,7
Derrien,7
Dervish,7
Desmond,7
Devaney,7
Diamond,7
Dickens,7
Dickson,7
Dimmock,7
Dittmar,7
Dobbins,7
Doherty,7
Donnell,7
Donohoe,7
Donovan,7
Dorrian,7
Doughty,7
Douglas,7
Dounias,7
Dowling,7
Downing,7
Downton,7
Drabble,7
Drewett,7
Dritsas,7
Dubhain,7
Dunford,7
Dunkley,7
Dunmore,7
Dunnett,7
Dunning,7
Durrant,7
Dyerson,7
Easdale,7
Easdown,7
Eastell,7
Eastham,7
Ebeling,7
Ebisawa,7
Eddison,7
Edmonds,7
Edmunds,7
Edwards,7
Egerton,7
Eggison,7
Egleton,7
Eilerts,7
Elleray,7
Ellerby,7
Elliman,7
Elliott,7
Ellison,7
Ellrott,7
Ellwood,7
Elphick,7
Elsmore,7
Elstone,7
Emberey,7
Emerick,7
Emerson,7
Emmings,7
England,7
English,7
Enomoto,7
Enright,7
Erizawa,7
Erridge,7
Estlick,7
Ettrick,7
Evenden,7
Everett,7
Everill,7
Everitt,7
Everson,7
Everton,7
Ezakiya,7
Faerber,7
Fairley,7
Fairlie,7
Fallows,7
Fargher,7
Farhall,7
Farrant,7
Farrell,7
Farrier,7
Fawcett,7
Feetham,7
Fellmen,7
Fellows,7
Feltham,7
Fenwick,7
Fereday,7
Ferrier,7
Fiedler,7
Fielder,7
Fifield,7
Findlay,7
Findley,7
Fischer,7
Flavell,7
Flaxman,7
Fleming,7
Flowers,7
Forakis,7
Fordham,7
Foreman,7
Forrest,7
Forshaw,7
Forster,7
Forsyth,7
Fossard,7
Foucher,7
Foulkes,7
Francis,7
Freeman,7
Freight,7
Fricker,7
Frusher,7
Fuchida,7
Fujioka,7
Fukuoka,7
Funnell,7
Furlong,7
Furnell,7
Furness,7
Furnish,7
Furniss,7
Gadsden,7
Gaffney,7
Gakusha,7
Gandham,7
Ganivet,7
Garbett,7
Garbutt,7
Gardner,7
Garland,7
Garrard,7
Garratt,7
Garrett,7
Garside,7
Gärtner,7
Gaskell,7
Gaumont,7
Gehring,7
Geisler,7
Geldard,7
Geldart,7
Gemmell,7
Gerhard,7
Gerrard,7
Gerstle,7
Ghannam,7
Gibbins,7
Gibbons,7
Gifford,7
Gilbert,7
Gillard,7
Gillett,7
Gillies,7
Gilmore,7
Gilmour,7
Girling,7
Glasgow,7
Gleeson,7
Glennie,7
Glennon,7
Glossop,7
Goddard,7
Godfrey,7
Golding,7
Goldman,7
Gomatos,7
Goodall,7
Gooding,7
Goodman,7
Goodson,7
Goodwin,7
Gosling,7
Goulden,7
Gourlay,7
Granger,7
Gravari,7
Grayson,7
Greaves,7
Greener,7
Gregory,7
Grenard,7
Grennan,7
Gresham,7
Griffin,7
Grinham,7
Guinard,7
Gunning,7
Gunston,7
Gunther,7
Günther,7
Guthrie,7
Gwerder,7
Habicht,7
Hackett,7
Haddock,7
Haggett,7
Halford,7
Hallett,7
Hamacho,7
Hammond,7
Hamnett,7
Hampson,7
Hampton,7
Hanania,7
Hancock,7
Handley,7
Harding,7
Harness,7
Harries,7
Hartley,7
Harwood,7
Hassani,7
Hattori,7
Hausler,7
Havener,7
Hawkins,7
Haworth,7
Hayashi,7
Hayuata,7
Hayward,7
Heather,7
Heatley,7
Heintze,7
Hellier,7
Hepburn,7
Hepples,7
Herbert,7
Hermann,7
Hewlett,7
Heywood,7
Hibbert,7
Hickman,7
Hideaki,7
Higgins,7
Higoshi,7
Higuchi,7
Hindley,7
Hintzen,7
Hiraoka,7
Hishida,7
Hocking,7
Hodgson,7
Hoefler,7
Hoffman,7
Hofmann,7
Hokusai,7
Holding,7
Holgate,7
Holland,7
Holtzer,7
Hopkins,7
Hopwood,7
Hoshino,7
Houlton,7
Houston,7
Howarth,7
Howells,7
Hubbard,7
Huffman,7
Huggins,7
Hurrell,7
Hussain,7
Hussein,7
Ibrahim,7
Iemochi,7
Ieyoshi,7
Imagawa,7
Imamura,7
Ingleby,7
Inihara,7
Innalls,7
Inokuma,7
Ireland,7
Ironman,7
Isayama,7
Isozaki,7
Itagaki,7
Iwahara,7
Iwakura,7
Iwasaki,7
Jackman,7
Jackson,7
Jacques,7
Jaffray,7
Jakeman,7
Jameson,7
Jamussa,7
Jardine,7
Jarratt,7
Jarrett,7
Jarrold,7
Jeffers,7
Jeffery,7
Jefford,7
Jeffrey,7
Jenkins,7
Jenkyns,7
Jennson,7
Jiggens,7
Johnson,7
Jonhson,7
Joshuya,7
Joshuyo,7
Jourdan,7
Joynson,7
Jumonji,7
Kaddour,7
Kaibara,7
Kalakos,7
Kamachi,7
Kamioka,7
Kanavos,7
Kassell,7
Kästner,7
Kataoka,7
Katoaka,7
Katsura,7
Kaufman,7
Kawachi,7
Kawasie,7
Kearney,7
Kearton,7
Keating,7
Keeling,7
Keetley,7
Kefalas,7
Keffler,7
Kelland,7
Kellems,7
Kelsall,7
Kempson,7
Kendall,7
Kendell,7
Kennard,7
Kennedy,7
Kennell,7
Kenneth,7
Kennett,7
Kenning,7
Kenrick,7
Kentaro,7
Kenward,7
Kernick,7
Kerrell,7
Kershaw,7
Kettell,7
Keywood,7
Khalifa,7
Kiernan,7
Kijmuta,7
Kikkawa,7
Kikuchi,7
Kilburn,7
Kilford,7
Killeen,7
Killick,7
Killock,7
Kilshaw,7
Kinchin,7
Kingdon,7
Kingman,7
Kinnear,7
Kinrade,7
Kinsley,7
Kipling,7
Kirkman,7
Kirtley,7
Kistler,7
Kistner,7
Kitchen,7
Kitchin,7
Kitoaji,7
Kneller,7
Knights,7
Knowler,7
Knowles,7
Koguchi,7
Koizumi,7
Kokkali,7
Kokoris,7
Kolovos,7
Komatsu,7
Konishi,7
Kouches,7
Kraemer,7
Kreskas,7
Kringos,7
Kruckel,7
Küchler,7
Kumagae,7
Kundert,7
Kurkawa,7
Kusatsu,7
Kwakami,7
Lafrenz,7
Laganas,7
Lambert,7
Lambton,7
Langdon,7
Langley,7
Langton,7
Laraway,7
Larsson,7
Laurenz,7
Lauritz,7
Lawrenz,7
Lawther,7
Laycock,7
Leadley,7
Leedham,7
Leeming,7
Leggett,7
Lehmann,7
Leitner,7
Leitzke,7
Lenihan,7
Lennard,7
Leonard,7
Leyland,7
Leyshon,7
Liddell,7
Lilwall,7
Lincoln,7
Lindsay,7
Linford,7
Lockett,7
Lockyer,7
Lohrenz,7
Longley,7
Lorentz,7
Lowndes,7
Lumsden,7
Maalouf,7
Maclean,7
Macleod,7
Maehata,7
Maguire,7
Mahoney,7
Makioka,7
Maloney,7
Manning,7
Mansell,7
Mansour,7
Markham,7
Marsden,7
Martell,7
Martins,7
Masaoka,7
Mashita,7
Masters,7
Masuzoe,7
Mathers,7
Mathews,7
Matokai,7
Matsuda,7
Matsuki,7
Matsura,7
Matsuya,7
Maughan,7
Maurice,7
Maxwell,7
Maynard,7
Mcauley,7
Mccourt,7
Mcelroy,7
Mcginty,7
Mcgowan,7
Mcgrady,7
Mcgrath,7
Mcgrory,7
Mcguire,7
Mckenna,7
Mckeown,7
Mclaren,7
Mcmahon,7
Mcmanus,7
Mcnally,7
Mcneill,7
Mcnulty,7
Mcphail,7
Mcshane,7
Meadhra,7
Meadows,7
Meisner,7
Merritt,7
Messner,7
Metcalf,7
Metzger,7
Michael,7
Mihashi,7
Mikhail,7
Milford,7
Millard,7
Millett,7
Milward,7
Mishima,7
Mitsuwa,7
Mitsuya,7
Miyamae,7
Miyoshi,7
Mohamed,7
Monahan,7
Moreton,7
Morioka,7
Morisue,7
Moroney,7
Moseley,7
Motoori,7
Mottram,7
Mueller,7
Mullins,7
Mulryan,7
Munkata,7
Muraoka,7
Murkami,7
Murrell,7
Mustafa,7
Nakadai,7
Nakadan,7
Nakanoi,7
Naomhan,7
Natsume,7
Naumann,7
Needham,7
Neilsen,7
Neilson,7
Nesbitt,7
Neumann,7
Neville,7
Newbold,7
Newbury,7
Newland,7
Newsham,7
Newsome,7
Neyland,7
Nicholl,7
Nichols,7
Nicolas,7
Nielsen,7
Nielson,7
Niijima,7
Nineham,7
Noggins,7
Noguchi,7
Nogushi,7
Nomikos,7
Norbert,7
Norburn,7
Norbury,7
Norgate,7
Norwood,7
Nuallan,7
Nutella,7
Nuttall,7
O'Boyle,7
O'Brian,7
O'Brien,7
O'Byrne,7
O'Grady,7
O'Hagan,7
O'Keefe,7
O'Kelly,7
O'Leary,7
O'Meara,7
O'Neill,7
O'Toole,7
Obinata,7
Oconnor,7
Oelberg,7
Ogilvie,7
Ogiwara,7
Okakura,7
Okamoto,7
Okamura,7
Okanaya,7
Okasawa,7
Okazaki,7
Okimasa,7
Okimoto,7
Okumura,7
Oldland,7
Oldroyd,7
Olivier,7
Omalley,7
Onohara,7
Orchard,7
Oreilly,7
Ormston,7
Osagawa,7
Osaragi,7
Osborne,7
Ou-Yang,7
Oursler,7
Overall,7
Overett,7
Overing,7
Overson,7
Overton,7
Ow-Yang,7
Oxenham,7
Packard,7
Pailing,7
Painter,7
Paisley,7
Palfrey,7
Pallett,7
Panesar,7
Pannell,7
Parkins,7
Parnaby,7
Parnell,7
Parratt,7
Parrott,7
Parsons,7
Paskell,7
Pateman,7
Patrick,7
Peacock,7
Pearson,7
Peatain,7
Peebles,7
Pefanis,7
Pelling,7
Penfold,7
Pennell,7
Pereira,7
Perkins,7
Perowne,7
Perrett,7
Perrins,7
Petrova,7
Philips,7
Phoenix,7
Pickard,7
Pickett,7
Piercey,7
Pinkney,7
Pinnock,7
Pitcher,7
Plastow,7
Pledger,7
Plouvin,7
Plummer,7
Pointer,7
Polites,7
Pollard,7
Pollock,7
Pomeroy,7
Poniros,7
Porsche,7
Portner,7
Poulter,7
Poulton,7
Pounder,7
Preston,7
Prevost,7
Pringle,7
Privett,7
Probert,7
Procter,7
Proctor,7
Prosser,7
Purcell,7
Purnell,7
Quigley,7
Quinton,7
Qureshi,7
Rackham,7
Radford,7
Raeburn,7
Ralston,7
Ramsden,7
Randall,7
Raskoph,7
Raymond,7
Reading,7
Readman,7
Reardon,7
Redding,7
Redfern,7
Redhead,7
Redmond,7
Redwood,7
Reisser,7
Renshaw,7
Renwick,7
Reveley,7
Reynold,7
Rhoades,7
Riagain,7
Richard,7
Richman,7
Richter,7
Rickard,7
Rickett,7
Riddell,7
Riddler,7
Ridgway,7
Rigatos,7
Ritchie,7
Robbins,7
Roberts,7
Rodgers,7
Rodwell,7
Roebuck,7
Rootham,7
Rothery,7
Roussel,7
Rousses,7
Rousset,7
Rowland,7
Ruadhan,7
Rumbold,7
Rushton,7
Russell,7
Ruvelas,7
Rycroft,7
Ryusaki,7
Sabbagh,7
Saionji,7
Sakurai,7
Salomon,7
Sammiya,7
Sampson,7
Samuels,7
Sanchez,7
Sanders,7
Sargent,7
Saville,7
Schäfer,7
Schenck,7
Schmidt,7
Schmitt,7
Schmitz,7
Schnoor,7
Schreck,7
Schuler,7
Schulte,7
Schultz,7
Schulze,7
Schwarz,7
Seighin,7
Sellars,7
Sellers,7
Seymour,7
Shammas,7
Shamoon,7
Shamoun,7
Shannon,7
Sharkey,7
Shearer,7
Sheehan,7
Sheldon,7
Shelton,7
Sherman,7
Shibata,7
Shields,7
Shigeki,7
Shimada,7
Shimazu,7
Shimizu,7
Shimura,7
Shimuzu,7
Shipley,7
Shirane,7
Shirasu,7
Shizuma,7
Shotton,7
Showell,7
Shriver,7
Shunsen,7
Siekert,7
Silcock,7
Simmons,7
Simpson,7
Siskind,7
Sissons,7
Skelton,7
Skinner,7
Skipper,7
Sleiman,7
Slusser,7
Smullen,7
Sneddon,7
Snowden,7
Snowdon,7
Solberg,7
Sortras,7
Sotiris,7
Sparkes,7
Sparrow,7
Speight,7
Spencer,7
Spiller,7
Spooner,7
Squires,7
Stanley,7
Stanton,7
Stedman,7
Steffen,7
Stenger,7
Stephen,7
Steuben,7
Stevens,7
Steward,7
Stewart,7
Stieber,7
Stocker,7
Strange,7
Strobel,7
Stroman,7
Stuckey,7
Suenami,7
Summers,7
Suzambo,7
Swanson,7
Sweeney,7
Switzer,7
Symonds,7
Tabuchi,7
Tadeshi,7
Tadhgan,7
Taggart,7
Taguchi,7
Takaoka,7
Takashi,7
Tallett,7
Tannous,7
Tansley,7
Tapping,7
Tarrant,7
Tatlock,7
Tatnell,7
Tatsuko,7
Tatsuno,7
Tatsuya,7
Telford,7
Tempest,7
Templar,7
Tennant,7
Tenshin,7
Teshima,7
Thomson,7
Thorley,7
Thornes,7
Thurbon,7
Thurlow,7
Thurman,7
Tickner,7
Tierney,7
Tillens,7
Tillett,7
Tilston,7
Timmins,7
Tindall,7
Tindell,7
Tinkler,7
Tinsley,7
Tipping,7
Tippins,7
Tisdall,7
Titmuss,7
Tokuoka,7
Tolkien,7
Tomioka,7
Tomkins,7
Tompkin,7
Topliss,7
Torisei,7
Torrens,7
Totolos,7
Townend,7
Trainor,7
Travers,7
Travill,7
Traynor,7
Tresler,7
Trimble,7
Trinder,7
Tritten,7
Trotman,7
Trueman,7
Tschida,7
Tselios,7
Tsuchie,7
Tsukada,7
Tsukade,7
Tsumura,7
Tsunoda,7
Tsurimi,7
Tsuruga,7
Tsuruya,7
Tsutaya,7
Tsutomu,7
Tufnall,7
Tugwell,7
Turford,7
Turland,7
Turnham,7
Turnock,7
Turrell,7
Tuthill,7
Tweddle,7
Tyrrell,7
Ueshima,7
Ullmann,7
Umehara,7
Upfield,7
Upsdell,7
Utagawa,7
Vallins,7
Vallory,7
Valmary,7
Vanwell,7
Vaughan,7
Veevers,7
Ventura,7
Vickars,7
Vickers,7
Vickery,7
Vincent,7
Vockins,7
Vollans,7
Vourlis,7
Waghorn,7
Wakeham,7
Wakelin,7
Waldron,7
Walkden,7
Wallace,7
Walling,7
Walpole,7
Walters,7
Walther,7
Wareing,7
Warwick,7
Watkins,7
Watling,7
Watnabe,7
Watters,7
Weasley,7
Webster,7
Wegener,7
Weigand,7
Wellman,7
Wendell,7
Wernher,7
Werrett,7
Western,7
Whalley,7
Wharton,7
Wheeler,7
Whitham,7
Whiting,7
Whitley,7
Whittle,7
Wickens,7
Wickham,7
Widdows,7
Wiegand,7
Wiggins,7
Wildman,7
Wileman,7
Wilkins,7
Willett,7
William,7
Willson,7
Windsor,7
Winship,7
Winther,7
Winward,7
Wiseman,7
Withers,7
Woodham,7
Woodley,7
Woolley,7
Wootton,7
Wormald,7
Wörnhör,7
Worrall,7
Worsnop,7
Wraight,7
Yabsley,7
Yamaoka,7
Yamhata,7
Yardley,7
Yarlett,7
Yarnall,7
Yarnold,7
Yarwood,7
Yeatman,7
Yeomans,7
Yomkins,7
Yorston,7
Yoshida,7
Youlden,7
Zaloumi,7
Abbing,6
Abbott,6
Abboud,6
Abrams,6
Ackary,6
Adachi,6
Adamou,6
Adanet,6
Addams,6
Addley,6
Adkins,6
Adsett,6
Ahearn,6
Aherne,6
Aihara,6
Aikman,6
Ainley,6
Aitken,6
Aizawa,6
Akaike,6
Akechi,6
Akhtar,6
Albert,6
Albutt,6
Alcock,6
Aldred,6
Aldren,6
Alford,6
Allard,6
Allman,6
Allsop,6
Almasi,6
Almond,6
Altham,6
Anakin,6
Andres,6
Andrew,6
Ansell,6
Anstee,6
Antony,6
Antoun,6
Antram,6
Apsley,6
Archer,6
Ardern,6
Arkins,6
Armour,6
Arnall,6
Arnett,6
Arnold,6
Arnott,6
Arthur,6
Asfour,6
Asghar,6
Ashida,6
Ashley,6
Ashman,6
Ashton,6
Astley,6
Atiyeh,6
Atkins,6
Attard,6
Auborn,6
Aubrey,6
Austen,6
Austin,6
Avenue,6
Aylett,6
Ayling,6
Aylott,6
Ayugai,6
Baasch,6
Bäcker,6
Bailey,6
Baines,6
Banner,6
Barber,6
Barker,6
Barlow,6
Barnes,6
Barron,6
Barrow,6
Barton,6
Basara,6
Batten,6
Bauers,6
Baxter,6
Beadle,6
Beatty,6
Becker,6
Beitel,6
Benson,6
Berger,6
Bernat,6
Beutel,6
Biddle,6
Bieber,6
Bilias,6
Bishop,6
Blades,6
Blakey,6
Bleier,6
Bloggs,6
Blythe,6
Bocker,6
Boesch,6
Böhler,6
Böhmer,6
Boland,6
Bolton,6
Bonner,6
Botros,6
Boulos,6
Bourne,6
Bouvet,6
Bowden,6
Bowers,6
Bowler,6
Bowles,6
Bowman,6
Bracey,6
Bradan,6
Braden,6
Brahms,6
Brandt,6
Brauer,6
Braune,6
Brewer,6
Briggs,6
Bright,6
Brooke,6
Brooks,6
Browne,6
Brunet,6
Bryant,6
Bryson,6
Buchan,6
Burden,6
Burman,6
Burton,6
Butler,6
Butter,6
Button,6
Buxton,6
Cadman,6
Cahill,6
Cairns,6
Callow,6
Calpis,6
Cannon,6
Caplan,6
Capper,6
Carney,6
Carson,6
Carter,6
Carver,6
Cathan,6
Cawley,6
Chance,6
Charge,6
Chelmy,6
Cherry,6
Cheung,6
Childs,6
Chishu,6
Choshi,6
Church,6
Clancy,6
Clarke,6
Cleary,6
Clough,6
Clowes,6
Coates,6
Coburn,6
Cockle,6
Coffey,6
Colley,6
Colman,6
Comino,6
Conall,6
Connor,6
Conrad,6
Conroy,6
Conway,6
Cooper,6
Copley,6
Cormac,6
Corner,6
Cotter,6
Cotton,6
Cousin,6
Coward,6
Cowell,6
Cowley,6
Craven,6
Cripps,6
Crofts,6
Cronin,6
Crosby,6
Crouch,6
Cullen,6
Curley,6
Curran,6
Currie,6
Curtis,6
D arcy,6
Dagher,6
Daishi,6
Dalach,6
Dallas,6
Dalton,6
Damhan,6
Daniel,6
Dasios,6
Davies,6
Dawson,6
Dayman,6
De ath,6
Deacon,6
Deakin,6
Deegan,6
Deeley,6
Denham,6
Denney,6
Dennis,6
Denton,6
Denzel,6
Deushi,6
Devine,6
Devlin,6
Dexter,6
Dibble,6
Dicker,6
Dieter,6
Dillon,6
Dingle,6
Dipper,6
Dirchs,6
Dobbin,6
Dobson,6
Docker,6
Dodson,6
Dohman,6
Dolman,6
Dolton,6
Donald,6
Donkin,6
Donlan,6
Dooley,6
Doolin,6
Dorman,6
Dornan,6
Dougal,6
Dowell,6
Dowler,6
Downer,6
Downes,6
Downey,6
Downie,6
Dowson,6
Draper,6
Dreher,6
Dreyer,6
Driver,6
Dubhan,6
Dubois,6
Dudley,6
Duffin,6
Dufour,6
Duggan,6
Dumont,6
Duncan,6
Dundon,6
Dunkle,6
Dunlop,6
Dupont,6
Durand,6
Durant,6
Durber,6
Durham,6
Duvall,6
Dymond,6
Dymott,6
Ealham,6
Earing,6
Earley,6
Easton,6
Eatros,6
Eburne,6
Eccles,6
Eccott,6
Edeson,6
Edgell,6
Edgley,6
Edgson,6
Edkins,6
Edmond,6
Edwick,6
Eguchi,6
Eichel,6
Eilers,6
Elbutt,6
Elcock,6
Elfman,6
Elford,6
Ellans,6
Ellard,6
Ellery,6
Elling,6
Elliot,6
Elmore,6
Elsdon,6
Elston,6
Elvins,6
Elwell,6
Elwood,6
Emmery,6
Emmett,6
Emmins,6
Emmons,6
Emmott,6
Emsden,6
Endoso,6
Endroe,6
Eoghan,6
Ernest,6
Errity,6
Escott,6
Eskins,6
Eslick,6
Espley,6
Essert,6
Etsuko,6
Evason,6
Eveson,6
Evison,6
Evrard,6
Fallon,6
Faolan,6
Färber,6
Farley,6
Farmer,6
Farnum,6
Farrar,6
Farren,6
Farrer,6
Farrow,6
Fearns,6
Fearon,6
Feeney,6
Felton,6
Fenlon,6
Fenton,6
Fergus,6
Ferris,6
Fertig,6
Fields,6
Finbow,6
Finlay,6
Finney,6
Fisher,6
Fitton,6
Flater,6
Florey,6
Flower,6
Forbes,6
Forman,6
Fortin,6
Foster,6
Foston,6
Fowler,6
Fowley,6
Foxall,6
Foxley,6
France,6
Franco,6
Franke,6
Franks,6
Fraser,6
Frazer,6
Freeth,6
French,6
Freund,6
Friend,6
Fujita,6
Fukuda,6
Fulker,6
Fuller,6
Fulton,6
Funaki,6
Gabler,6
Galvin,6
Gamble,6
Gammer,6
Gammon,6
Gander,6
Garber,6
Garcia,6
Garner,6
Garver,6
Garvey,6
Gately,6
Gaudin,6
Gavril,6
Gaynor,6
Geaney,6
Geeson,6
Gehrig,6
Geiger,6
Gensai,6
Gensch,6
George,6
Gerald,6
Gerard,6
Gerber,6
Gerges,6
Gerver,6
Ghanem,6
Gibbon,6
Giblin,6
Gibson,6
Gilbey,6
Gilder,6
Gillam,6
Gillan,6
Gillen,6
Giolla,6
Glasby,6
Gleave,6
Glover,6
Godden,6
Godwin,6
Goebel,6
Gordon,6
Goring,6
Gorman,6
Gosden,6
Govier,6
Gowing,6
Graham,6
Graner,6
Grange,6
Graves,6
Greene,6
Griggs,6
Grimes,6
Grivet,6
Grogan,6
Großel,6
Größel,6
Großer,6
Groves,6
Grundy,6
Gulley,6
Gunter,6
Habich,6
Haddad,6
Hadden,6
Hafner,6
Hagias,6
Hagino,6
Haines,6
Hajjar,6
Hakimi,6
Halabi,6
Hallam,6
Hamada,6
Hamill,6
Hanari,6
Handal,6
Hanlon,6
Hannam,6
Hansen,6
Hanson,6
Harada,6
Harden,6
Harker,6
Harley,6
Harlow,6
Harman,6
Harper,6
Harris,6
Harrop,6
Harvey,6
Haslam,6
Hassan,6
Hatton,6
Hawker,6
Hawkes,6
Hawley,6
Hawtin,6
Hayami,6
Hayata,6
Hayden,6
Haynes,6
Healey,6
Heaton,6
Hedley,6
Hegney,6
Helley,6
Hendry,6
Herron,6
Hewitt,6
Hickey,6
Hideki,6
Hilton,6
Hindle,6
Hinton,6
Hiraga,6
Hiraki,6
Hirano,6
Hirase,6
Hirasi,6
Hirata,6
Hirose,6
Hirota,6
Hirsch,6
Hitomi,6
Hiyama,6
Hobson,6
Hodder,6
Hodges,6
Hodson,6
Höfler,6
Holden,6
Holder,6
Hollis,6
Holman,6
Holmes,6
Holzer,6
Hölzer,6
Honami,6
Honjas,6
Hooper,6
Hooton,6
Hoover,6
Horner,6
Horton,6
Hotate,6
Houlis,6
Howard,6
Howden,6
Howell,6
Hudson,6
Hughes,6
Hummel,6
Hunter,6
Hurley,6
Hussey,6
Hutton,6
Ianson,6
Ichiro,6
Ienari,6
Iesada,6
Ieyasu,6
Iijima,6
Iitaka,6
Ijichi,6
Illing,6
Ilsley,6
Ingham,6
Ingles,6
Ingram,6
Inouye,6
Inukai,6
Ireson,6
Irvine,6
Irving,6
Isaacs,6
Isbill,6
Isbitt,6
Isgate,6
Ishida,6
Isnard,6
Izzard,6
Jacobs,6
Jaeger,6
Jagger,6
Jansen,6
Janson,6
Jarman,6
Jarram,6
Jarvis,6
Jasper,6
Jebson,6
Jenkin,6
Jenner,6
Jensen,6
Jepson,6
Jerome,6
Jervis,6
Jesson,6
Jessop,6
Jevons,6
Jewell,6
Jewers,6
Jewett,6
Jewitt,6
Jewkes,6
Jewson,6
Jobson,6
Jolley,6
Jopson,6
Jordan,6
Jordon,6
Joseph,6
Jowett,6
Jowitt,6
Jukodo,6
Kagabu,6
Kagawa,6
Kahaya,6
Kahler,6
Kaiser,6
Kamara,6
Kamata,6
Kanaan,6
Kanada,6
Kaneko,6
Kapoor,6
Kappel,6
Karras,6
Karube,6
Karubo,6
Kasaya,6
Kaspar,6
Kassab,6
Kassis,6
Kasuse,6
Kattan,6
Kaufer,6
Käufer,6
Kawaii,6
Kawate,6
Kawazu,6
Keable,6
Kealey,6
Kearns,6
Keeble,6
Keegan,6
Keelan,6
Keeler,6
Keeley,6
Keenan,6
Keight,6
Keilty,6
Keller,6
Kellie,6
Kelsey,6
Kenley,6
Kenney,6
Kenyon,6
Kerner,6
Kerper,6
Kerwar,6
Kerwer,6
Ketley,6
Keward,6
Kewley,6
Khalid,6
Khalil,6
Khouri,6
Khoury,6
Kiddle,6
Kidman,6
Kidner,6
Kiefer,6
Kihara,6
Kilbee,6
Kilbey,6
Killen,6
Kilnan,6
Kilner,6
Kilroy,6
Kimber,6
Kimble,6
Kimura,6
Kinder,6
Kinsey,6
Kirkby,6
Kirwan,6
Kirwin,6
Kitano,6
Kitson,6
Knigge,6
Knight,6
Kodama,6
Koenig,6
Kogara,6
Kohler,6
Köhler,6
Kojima,6
Komine,6
Komiya,6
Komura,6
Koruba,6
Koshin,6
Kosmas,6
Kotara,6
Kotoku,6
Kouros,6
Koyama,6
Kramer,6
Krämer,6
Krantz,6
Krause,6
Krauss,6
Kröger,6
Kruger,6
Krüger,6
Kubota,6
Kudara,6
Kunkel,6
Kunkle,6
Kurata,6
Kurian,6
Kuroda,6
Kuroki,6
Kurray,6
Kurusu,6
Kyubei,6
Lamond,6
Landau,6
Lander,6
Langer,6
Lanham,6
Larenz,6
Larkin,6
Larsen,6
Latham,6
Lathan,6
Lathey,6
Laurie,6
Lavery,6
Lawler,6
Lawlor,6
Lawrie,6
Lawson,6
Lawton,6
Layton,6
Leaver,6
Leckie,6
Ledger,6
Leeson,6
Lehrer,6
Leitch,6
Lendon,6
Lennon,6
Lennox,6
Leslie,6
Lester,6
Letsos,6
Levann,6
Levett,6
Levine,6
Lewins,6
Liatos,6
Liddle,6
Lilley,6
Lillis,6
Linden,6
Lindop,6
Linley,6
Linsby,6
Linton,6
Lister,6
Little,6
Lockie,6
Loftus,6
London,6
Lorenz,6
Loritz,6
Loudon,6
Lovatt,6
Lovell,6
Lovett,6
Lowdon,6
Lowrie,6
Ludkin,6
Ludlow,6
Ludwig,6
Lumley,6
Luther,6
Luxton,6
Machin,6
Mackay,6
Mackie,6
Macrae,6
Madden,6
Maille,6
Makino,6
Makuda,6
Malley,6
Malone,6
Maloof,6
Malouf,6
Mandel,6
Manson,6
Marlow,6
Maroun,6
Martin,6
Marugo,6
Marusa,6
Maruya,6
Masoni,6
Masudu,6
Masuko,6
Masuno,6
Matano,6
Mather,6
Matoke,6
Matsuo,6
Maurer,6
Mawson,6
Mazaki,6
Mazawa,6
Mazuka,6
Mcavoy,6
Mcbain,6
Mccabe,6
Mccall,6
Mccann,6
Mcewan,6
Mcghee,6
Mcgill,6
Mclain,6
Mclean,6
Mcleod,6
Mcneil,6
Mcphee,6
Meakin,6
Meindl,6
Mellor,6
Mendel,6
Mentis,6
Messer,6
Michel,6
Mifsud,6
Mifune,6
Millar,6
Miller,6
Milner,6
Minami,6
Minobe,6
Mistry,6
Mitsui,6
Miyagi,6
Miyake,6
Mizuno,6
Mochan,6
Modegi,6
Moffat,6
Mohren,6
Möller,6
Molloy,6
Mooney,6
Morcos,6
Moreno,6
Morgan,6
Morita,6
Morley,6
Morris,6
Morrow,6
Morton,6
Mullen,6
Müller,6
Murase,6
Murata,6
Murphy,6
Murray,6
Nagano,6
Nagase,6
Nagata,6
Nagumo,6
Naifeh,6
Najjar,6
Nakada,6
Nakane,6
Nakano,6
Nakata,6
Namiki,6
Nanami,6
Nanson,6
Nanton,6
Napier,6
Napper,6
Narato,6
Narita,6
Nartey,6
Nassar,6
Nataga,6
Nawabe,6
Nayler,6
Naylor,6
Nazari,6
Neeson,6
Negros,6
Nelmes,6
Nelson,6
Nemeth,6
Nemoto,6
Neuman,6
Nevins,6
Newall,6
Newell,6
Newham,6
Newill,6
Newman,6
Newson,6
Newton,6
Nichol,6
Nickel,6
Nicoll,6
Nilsen,6
Nisbet,6
Nishio,6
Noakes,6
Nomura,6
Noonan,6
Norman,6
Norris,6
Norton,6
Nosaka,6
Notman,6
Nourse,6
Nowell,6
Nozaki,6
Nozara,6
Nugent,6
Numata,6
Number,6
Nurton,6
Nutman,6
O'Bree,6
O'Dell,6
O'Dowd,6
O'Hara,6
O'Hare,6
O'Kane,6
O'Neal,6
O'Ryan,6
O'Shea,6
Oakley,6
Oakton,6
Oatway,6
Oberst,6
Obrien,6
Obuchi,6
Ochiai,6
Ochida,6
Odling,6
Oflynn,6
Ogilvy,6
Ogrady,6
Ohishi,6
Ohmiya,6
Oinuma,6
Okanao,6
Okeefe,6
Oldham,6
Olding,6
Oleary,6
Oliver,6
Oneill,6
Onishi,6
Opayne,6
Orbell,6
Oriley,6
Ormond,6
Ormsby,6
Orrell,6
Orritt,6
Osborn,6
Oshima,6
Osmond,6
Ostler,6
Oswald,6
Otoole,6
Otsuka,6
Ottley,6
Oulton,6
Owings,6
Oxtoby,6
Packer,6
Pahlke,6
Palmer,6
Parish,6
Parker,6
Parkes,6
Parkin,6
Parmar,6
Pascoe,6
Patten,6
Patton,6
Paulis,6
Pawson,6
Peaper,6
Pearce,6
Pedley,6
Peigne,6
Pender,6
Penney,6
Penzig,6
Perkin,6
Perrin,6
Peters,6
Peyton,6
Phelan,6
Phelps,6
Philip,6
Phipps,6
Phocas,6
Pierce,6
Pierre,6
Pigott,6
Pillay,6
Pinder,6
Pinner,6
Platts,6
Pocock,6
Polson,6
Porter,6
Potter,6
Powell,6
Powers,6
Powles,6
Poyser,6
Preece,6
Prince,6
Provan,6
Pullen,6
Purkis,6
Purvis,6
Quirke,6
Radley,6
Rahman,6
Rainey,6
Rallis,6
Ramsay,6
Ramsey,6
Randle,6
Ranger,6
Rankin,6
Ransom,6
Ranson,6
Rapson,6
Rashid,6
Raskob,6
Raskop,6
Rayner,6
Reader,6
Readle,6
Reagan,6
Redden,6
Redman,6
Reeves,6
Regent,6
Rehman,6
Reiher,6
Reilly,6
Reiter,6
Render,6
Rennie,6
Rettig,6
Reuter,6
Reygan,6
Rhodes,6
Riagan,6
Riches,6
Riddle,6
Ridley,6
Rigley,6
Ripley,6
Rippin,6
Ritter,6
Rivers,6
Robert,6
Robins,6
Robson,6
Rodagh,6
Rodden,6
Rodger,6
Rodham,6
Roffey,6
Rogers,6
Romans,6
Ronald,6
Rooney,6
Ropple,6
Rorris,6
Roscoe,6
Rosser,6
Rowley,6
Rowson,6
Royall,6
Royama,6
Ruaidh,6
Rumsey,6
Ruscoe,6
Rushby,6
Russel,6
Russon,6
Rutter,6
Sabbag,6
Sadler,6
Saitoh,6
Sakata,6
Sakoda,6
Saliba,6
Saller,6
Sallis,6
Salmon,6
Salter,6
Samaha,6
Samios,6
Samuel,6
Sander,6
Santos,6
Sarkis,6
Saromi,6
Sarraf,6
Sasada,6
Sasaki,6
Satake,6
Satoya,6
Sauber,6
Savage,6
Sawyer,6
Saxton,6
Sayegh,6
Sayers,6
Sayuki,6
Scheer,6
Schmid,6
Schnur,6
Schult,6
Schulz,6
Searle,6
Seddon,6
Segawa,6
Seidel,6
Sekine,6
Senior,6
Sewell,6
Sexton,6
Shadid,6
Shamon,6
Shanks,6
Sharma,6
Sharpe,6
Sheehy,6
Sherry,6
Shikuk,6
Shimon,6
Shinko,6
Shiomi,6
Shioya,6
Shirai,6
Shunji,6
Siagyo,6
Siegel,6
Siemon,6
Simmon,6
Simons,6
Siskin,6
Sisson,6
Skelly,6
Slater,6
Smythe,6
Someya,6
Sommer,6
Sonnen,6
Sonoda,6
Soseki,6
Spears,6
Specht,6
Spence,6
Spicer,6
Spinks,6
Squire,6
Stacey,6
Stauss,6
Steele,6
Steere,6
Steube,6
Stokes,6
Stokoe,6
Storer,6
Storey,6
Strand,6
Straub,6
Street,6
Strong,6
Stroud,6
Stuart,6
Stubbs,6
Stuber,6
Stueck,6
Stumpf,6
Styles,6
Suaird,6
Sugase,6
Sugden,6
Sugita,6
Sumner,6
Sunada,6
Sutton,6
Suzuki,6
Swales,6
Swango,6
Tagawa,6
Taidhg,6
Tailor,6
Takabe,6
Takagi,6
Takaki,6
Takano,6
Takara,6
Takasu,6
Takeda,6
Takudo,6
Talbot,6
Tamber,6
Tamura,6
Tamuro,6
Tanaka,6
Tanner,6
Tansey,6
Tansho,6
Tanuma,6
Tanzer,6
Tappin,6
Tarumi,6
Tasker,6
Tatlow,6
Taurel,6
Tayama,6
Tayler,6
Taylor,6
Teagan,6
Teague,6
Tellis,6
Temple,6
Terada,6
Teufel,6
Thomas,6
Thonon,6
Thorne,6
Thorpe,6
Tilley,6
Tilson,6
Timney,6
Timson,6
Tinker,6
Titmus,6
Tobias,6
Tocher,6
Tohill,6
Tokaji,6
Tokuda,6
Toland,6
Tolley,6
Tollis,6
Tolmay,6
Tomika,6
Tomlin,6
Tommii,6
Tomori,6
Tonner,6
Toomer,6
Toomey,6
Topham,6
Topley,6
Torney,6
Torres,6
Totten,6
Toucet,6
Tourna,6
Towell,6
Towers,6
Toyama,6
Toyoda,6
Toyota,6
Tracey,6
Travis,6
Treble,6
Trevor,6
Truman,6
Tsogas,6
Tucker,6
Tuckey,6
Turner,6
Turney,6
Turton,6
Turvey,6
Tuttle,6
Tutton,6
Twiggs,6
Uchida,6
Uehara,6
Uemura,6
Uesugi,6
Uetake,6
Ullman,6
Ulyatt,6
Upjohn,6
Ursler,6
Ushiba,6
Uttley,6
Varley,6
Vaughn,6
Veasey,6
Veitch,6
Verdon,6
Verell,6
Verney,6
Vernon,6
Vicary,6
Vicens,6
Victor,6
Vikers,6
Villis,6
Vinton,6
Vlahos,6
Voakes,6
Vodden,6
Voigts,6
Wadham,6
Wagner,6
Wägner,6
Wahner,6
Wähner,6
Walker,6
Waller,6
Wallis,6
Walshe,6
Walter,6
Walton,6
Warden,6
Wardle,6
Waring,6
Warner,6
Warren,6
Watabe,6
Watari,6
Waters,6
Watoga,6
Watson,6
Weaver,6
Webber,6
Weeber,6
Wegner,6
Wehner,6
Wehunt,6
Weiman,6
Weiner,6
Weldon,6
Weller,6
Welter,6
Welton,6
Wendel,6
Werner,6
Weston,6
Wetzel,6
Wexler,6
Whalen,6
Whelan,6
Whitby,6
Wigley,6
Wilcox,6
Wilkes,6
Wilkie,6
Wilkin,6
Willis,6
Wilmot,6
Wilson,6
Wilton,6
Winder,6
Winfer,6
Winman,6
Winter,6
Wirner,6
Wither,6
Wolter,6
Worgan,6
Wörner,6
Wrench,6
Wright,6
Yakuta,6
Yallop,6
Yamabe,6
Yamada,6
Yamaha,6
Yamana,6
Yamato,6
Yamura,6
Yanagi,6
Yarker,6
Yasmin,6
Yasuda,6
Yeadon,6
Yeates,6
Yeldon,6
Yeoman,6
Yetman,6
Yoemon,6
Yosano,6
Younge,6
Younis,6
Yuhara,6
Abadi,5
Abbas,5
Abbey,5
Abeln,5
Acker,5
Acton,5
Adair,5
Adams,5
Addis,5
Adlam,5
Adler,5
Adrol,5
Ahern,5
Ahmad,5
Ahmed,5
Airey,5
Akera,5
Akita,5
Akram,5
Alber,5
Alden,5
Alder,5
Algar,5
Alker,5
Allam,5
Allan,5
Allen,5
Allum,5
Alpin,5
Alsop,5
Alves,5
Alvey,5
Alway,5
Amari,5
Amaya,5
Amner,5
Amori,5
Amsel,5
Anami,5
Angus,5
Anker,5
Anley,5
Annan,5
Antar,5
Antic,5
Anton,5
Anwar,5
Anzai,5
Aodha,5
Araki,5
Arato,5
Arian,5
Arita,5
Ariwa,5
Armer,5
Asahi,5
Asano,5
Asari,5
Ashby,5
Asher,5
Ashia,5
Asker,5
Askew,5
Aslam,5
Aspey,5
Aspin,5
Assaf,5
Astle,5
Aston,5
Aswad,5
Atkin,5
Atter,5
Attia,5
Auton,5
Avery,5
Ayley,5
Ayres,5
Ayton,5
Bacon,5
Bader,5
Bahar,5
Bains,5
Baird,5
Baker,5
Bando,5
Banks,5
Banos,5
Baron,5
Barry,5
Bates,5
Batty,5
Bauer,5
Bayer,5
Bazzi,5
Beale,5
Becke,5
Beech,5
Begum,5
Beltz,5
Berry,5
Betts,5
Bevan,5
Beyer,5
Biggs,5
Birch,5
Bitar,5
Black,5
Blair,5
Blake,5
Bland,5
Bloom,5
Boden,5
Böhme,5
Booth,5
Bosch,5
Bösch,5
Bowen,5
Bower,5
Bowes,5
Boyce,5
Boyle,5
Brady,5
Brain,5
Brand,5
Brant,5
Braun,5
Breen,5
Brett,5
Bretz,5
Brian,5
Brock,5
Brook,5
Brose,5
Brotz,5
Brown,5
Bruce,5
Bruhn,5
Brune,5
Bryan,5
Bunya,5
Burch,5
Burge,5
Burke,5
Burns,5
Busby,5
Busch,5
Byrne,5
Caddy,5
Caomh,5
Carey,5
Carty,5
Casey,5
Caton,5
Chaim,5
Chang,5
Chase,5
Cheng,5
Chiba,5
Chieu,5
Child,5
Chino,5
Chong,5
Chung,5
Clamp,5
Clark,5
Clegg,5
Cliff,5
Cline,5
Close,5
Cohen,5
Coles,5
Cooke,5
Costa,5
Couch,5
Court,5
Cowan,5
Cowie,5
Coyle,5
Crabb,5
Craig,5
Crane,5
Crisp,5
Croft,5
Crook,5
Cross,5
Crowe,5
Crown,5
Crump,5
Curry,5
Cutts,5
Dacey,5
Daher,5
Dalby,5
Daley,5
Damon,5
Danas,5
Danby,5
Dandy,5
Danks,5
Darby,5
Darcy,5
Davey,5
David,5
Davie,5
Davis,5
Dawes,5
Dazai,5
Deane,5
Deans,5
Demas,5
Denby,5
Denis,5
Desai,5
Devin,5
Devon,5
Dewar,5
Dixon,5
Doble,5
Dodds,5
Dolan,5
Dolcy,5
Doors,5
Doran,5
Dover,5
Downs,5
Doyle,5
Drain,5
Drake,5
Drury,5
Ducon,5
Duerr,5
Duffy,5
Dukes,5
Dunne,5
Dunst,5
Duval,5
Dwyer,5
Dykes,5
Dyson,5
Eadie,5
Eagle,5
Eales,5
Eames,5
Earle,5
Easen,5
Eason,5
Eaton,5
Eaves,5
Ebden,5
Ebdon,5
Ebina,5
Ebner,5
Edgar,5
Edler,5
Edley,5
Edney,5
Eedie,5
Egami,5
Eggby,5
Egger,5
Eglan,5
Eglin,5
Elder,5
Elkin,5
Ellam,5
Ellis,5
Elmer,5
Elmes,5
Elson,5
Eltis,5
Elven,5
Elvin,5
Elzer,5
Emery,5
Engel,5
Ennis,5
Ennos,5
Enoki,5
Epsom,5
Epton,5
Essam,5
Essan,5
Esser,5
Essop,5
Evans,5
Ewart,5
Ewing,5
Ewles,5
Exley,5
Exton,5
Eyett,5
Eyles,5
Eyres,5
Fabel,5
Fagan,5
Fagon,5
Falsh,5
Farge,5
Farre,5
Faust,5
Fearn,5
Feldt,5
Felix,5
Ferns,5
Ferry,5
Field,5
Finan,5
Finch,5
Fionn,5
Firth,5
Fitch,5
Flack,5
Flann,5
Flett,5
Floss,5
Floyd,5
Flynn,5
Foden,5
Foley,5
Foong,5
Foran,5
Forde,5
Forst,5
Forth,5
Fosse,5
Frame,5
Frank,5
Frary,5
Freud,5
Fried,5
Friel,5
Frith,5
Fromm,5
Frost,5
Fryer,5
Fuchs,5
Fukao,5
Furey,5
Furse,5
Fürst,5
Fyall,5
Gaber,5
Gales,5
Gallo,5
Ganem,5
Ganim,5
Gates,5
Gavin,5
Geary,5
Geier,5
Genda,5
Genji,5
Gerig,5
Gerst,5
Geyer,5
Gibbs,5
Giehl,5
Giese,5
Giles,5
Gilks,5
Ginty,5
Given,5
Glass,5
Glenn,5
Glynn,5
Goble,5
Godby,5
Gomez,5
Gooch,5
Goode,5
Gotti,5
Gough,5
Gould,5
Gower,5
Grady,5
Grant,5
Green,5
Greer,5
Greig,5
Griff,5
Groom,5
Groos,5
Grose,5
Gross,5
Große,5
Grosz,5
Grout,5
Guang,5
Guest,5
Gunby,5
Gwock,5
Haase,5
Haber,5
Hadad,5
Hagan,5
Haigh,5
Haine,5
Halle,5
Hamer,5
Handa,5
Hardy,5
Harry,5
Hasek,5
Hatch,5
Hauer,5
Haupt,5
Hawes,5
Hayes,5
Healy,5
Heath,5
Henry,5
Heron,5
Hertz,5
Hicks,5
Higgs,5
Hills,5
Hinde,5
Hinds,5
Hirst,5
Hoare,5
Hobbs,5
Hodge,5
Hofer,5
Hogan,5
Hohki,5
Holst,5
Homer,5
Honda,5
Hopes,5
Horne,5
Horri,5
Hotta,5
Hough,5
Hoult,5
Howes,5
Howie,5
Hoyle,5
Hsiao,5
Huang,5
Huber,5
Hüber,5
Hulme,5
Hurst,5
Hyata,5
Ibuka,5
Idane,5
Iddon,5
Ihara,5
Ijiri,5
Ikeda,5
Ikina,5
Ikoma,5
Ilett,5
Imada,5
Impey,5
Imran,5
Inaba,5
Ingle,5
Inker,5
Inman,5
Innes,5
Inoue,5
Inson,5
Iriye,5
Irvin,5
Irwin,5
Isaac,5
Iseki,5
Iseya,5
Islam,5
Isman,5
Isobe,5
Isoda,5
Issac,5
Itami,5
Ivory,5
Iwasa,5
Izumi,5
Jacks,5
Jacob,5
Jager,5
Jäger,5
James,5
Janes,5
Jeffs,5
Jenas,5
Jenks,5
Jermy,5
Jerry,5
Jiang,5
Jimbo,5
Johns,5
Jolly,5
Jonas,5
Jones,5
Joyce,5
Judge,5
Jukes,5
Junge,5
Kahae,5
Kaima,5
Kamio,5
Kamon,5
Kanes,5
Karim,5
Karne,5
Kasai,5
Katsu,5
Kaube,5
Kawai,5
Kayes,5
Keane,5
Keefe,5
Keene,5
Kehoe,5
Keith,5
Kelly,5
Kelso,5
Kempf,5
Kenny,5
Keogh,5
Kerby,5
Keyte,5
Kiely,5
Kikui,5
Kimio,5
Kinch,5
Kings,5
Kirby,5
Kishi,5
Kiski,5
Kitao,5
Kleid,5
Klein,5
Kneib,5
Knepp,5
Knibb,5
Knopf,5
Knopp,5
Knott,5
Knutt,5
Koban,5
Koiso,5
Kokan,5
Kolbe,5
Komon,5
Konae,5
Konda,5
Kondo,5
König,5
Konoe,5
Kouma,5
Kouri,5
Koury,5
Kranz,5
Kraus,5
Krebs,5
Kruse,5
Kuang,5
Kumar,5
Kunda,5
Kuntz,5
Kunze,5
Kwong,5
Kysel,5
Labbe,5
Lacey,5
Laing,5
Laird,5
Lakey,5
Lakin,5
Lange,5
Large,5
Laver,5
Lawal,5
Leach,5
Leahy,5
Leake,5
Leary,5
Leech,5
Leese,5
Legge,5
Leigh,5
Leith,5
Leitz,5
Leroy,5
Levin,5
Lewin,5
Lewis,5
Lewry,5
Liang,5
Lilly,5
Lindo,5
Lines,5
Lloyd,5
Locke,5
Lodge,5
Loewe,5
Logan,5
Login,5
Lohan,5
Lolos,5
Lomas,5
Lomax,5
Loong,5
Lopes,5
Lopez,5
Loris,5
Louth,5
Lovey,5
Lowes,5
Lowis,5
Lowry,5
Lucas,5
Lucey,5
Luker,5
Lyall,5
Lynas,5
Lynch,5
Lynes,5
Lyons,5
Maeda,5
Maeno,5
Magee,5
Maher,5
Maier,5
Maita,5
Major,5
Makin,5
Manos,5
Manus,5
Marks,5
Marsh,5
Martz,5
Masih,5
Mason,5
Mayer,5
Mcgee,5
Mckay,5
Mckee,5
Mckie,5
Mcnab,5
Mcrae,5
Mears,5
Meier,5
Melia,5
Meyer,5
Miles,5
Mills,5
Milne,5
Miura,5
Mohan,5
Moody,5
Moore,5
Moran,5
Morri,5
Moser,5
Mould,5
Mundy,5
Munro,5
Mutsu,5
Myatt,5
Myers,5
Nader,5
Nagai,5
Nagel,5
Nahas,5
Nairn,5
Naito,5
Nakae,5
Nakao,5
Names,5
Nandi,5
Naser,5
Nason,5
Neale,5
Neary,5
Neave,5
Neill,5
Neish,5
Nelms,5
Nevin,5
Nevis,5
Newby,5
Newey,5
Niadh,5
Niall,5
Nicks,5
Nicol,5
Nield,5
Niles,5
Nishi,5
Nitta,5
Nixon,5
Noach,5
Nobbs,5
Noble,5
Nokes,5
Nolan,5
North,5
Nowak,5
Noyce,5
Noyes,5
Nurse,5
Oakes,5
Oakey,5
Oates,5
Obata,5
Odaka,5
Oddie,5
Odell,5
Ogata,5
Ogden,5
Ogura,5
Ohara,5
Ohira,5
Ohmae,5
Oichi,5
Oishi,5
Okabe,5
Okada,5
Okano,5
Okawa,5
Okita,5
Okten,5
Okubo,5
Okuda,5
Okuma,5
Okura,5
Olley,5
Olsen,5
Olson,5
Omori,5
Omura,5
Oneil,5
Onoda,5
Orman,5
Orton,5
Orvis,5
Orwin,5
Oshin,5
Osman,5
Otaka,5
Otake,5
Otani,5
Otomo,5
Otten,5
Otter,5
Ottey,5
Otton,5
Ouchi,5
Owens,5
Oxley,5
Oyama,5
Ozaki,5
Ozawa,5
Pagan,5
Paige,5
Paine,5
Palin,5
Papke,5
Parks,5
Parry,5
Patel,5
Paton,5
Pavot,5
Payne,5
Peace,5
Peach,5
Peake,5
Pears,5
Peers,5
Perez,5
Perks,5
Perry,5
Peter,5
Pezos,5
Pfaff,5
Picot,5
Piper,5
Pitts,5
Plank,5
Plant,5
Platt,5
Plumb,5
Pooke,5
Poole,5
Potts,5
Povey,5
Power,5
Powis,5
Pratt,5
Price,5
Prime,5
Prinz,5
Prior,5
Protz,5
Pryor,5
Purse,5
Quinn,5
Quirk,5
Rahal,5
Raine,5
Ralph,5
Ranks,5
Raske,5
Raval,5
Raven,5
Reade,5
Reddy,5
Redin,5
Reese,5
Reeve,5
Regan,5
Reier,5
Renna,5
Reyes,5
Riain,5
Ricci,5
Ridge,5
Ridle,5
Riese,5
Rigby,5
Riley,5
Rixon,5
Roach,5
Robin,5
Roche,5
Roden,5
Rogan,5
Roles,5
Rolfe,5
Roman,5
Rooke,5
Roome,5
Roper,5
Rossi,5
Rosso,5
Rouse,5
Rowan,5
Royle,5
Ruadh,5
Ryans,5
Ryder,5
Sachs,5
Sadiq,5
Saeki,5
Safar,5
Saigo,5
Saiki,5
Saito,5
Sakai,5
Saleh,5
Salib,5
Sanda,5
Sands,5
Sanjo,5
Santo,5
Sassa,5
Satoh,5
Scott,5
Selby,5
Senft,5
Shand,5
Shang,5
Sharp,5
Sheng,5
Shiba,5
Shiga,5
Shige,5
Shigi,5
Shima,5
Shobo,5
Shoda,5
Short,5
Shuai,5
Silva,5
Simen,5
Simms,5
Simon,5
Singh,5
Sinha,5
Sioda,5
Slade,5
Sloan,5
Small,5
Smart,5
Smith,5
Smyth,5
Snell,5
Sohda,5
Sorge,5
South,5
Speed,5
Srour,5
Stack,5
Staff,5
Stamp,5
Stark,5
Steel,5
Steen,5
Steer,5
Stein,5
Stock,5
Stone,5
Storr,5
Stott,5
Stout,5
Sturm,5
Suess,5
Sugai,5
Swain,5
Swann,5
Swift,5
Sykes,5
Symes,5
Tadhg,5
Tahan,5
Taira,5
Takei,5
Tange,5
Teale,5
Telis,5
Temko,5
Terry,5
Thake,5
Thean,5
Thian,5
Thien,5
Thoms,5
Thorp,5
Tifft,5
Timms,5
Tobin,5
Tomas,5
Tombs,5
Tomes,5
Tonge,5
Tonks,5
Torii,5
Totah,5
Touma,5
Tovar,5
Tovey,5
Towle,5
Towns,5
Tozer,5
Train,5
Trent,5
Trigg,5
Troon,5
Trott,5
Trump,5
Tsang,5
Tsuda,5
Tsuji,5
Tudor,5
Tully,5
Tunks,5
Turke,5
Twigg,5
Twine,5
Tyler,5
Tyman,5
Tyrer,5
Uddin,5
Ugaki,5
Ukiyo,5
Umari,5
Umeki,5
Umney,5
Unkle,5
Unruh,5
Unwin,5
Upson,5
Upton,5
Urwin,5
Usami,5
Utley,5
Utton,5
Vardy,5
Varey,5
Veale,5
Velds,5
Vieth,5
Vince,5
Viner,5
Vines,5
Viney,5
Vinny,5
Virgo,5
Vogel,5
Vogts,5
Voigt,5
Voyse,5
Vyner,5
Waite,5
Wakai,5
Wales,5
Walls,5
Walsh,5
Waltz,5
Warby,5
Wasem,5
Water,5
Watts,5
Waugh,5
Wears,5
Weber,5
Weeks,5
Weiss,5
Welch,5
Wells,5
Welsh,5
White,5
Whyte,5
Wicks,5
Wieck,5
Wilde,5
Wiles,5
Wilks,5
Wills,5
Wirth,5
Wolfe,5
Wolff,5
Woods,5
Worth,5
Wragg,5
Wrenn,5
Wruck,5
Wyatt,5
Wyman,5
Xiang,5
Xiong,5
Xydis,5
Yasui,5
Yates,5
Yeung,5
Yoman,5
Yonai,5
Yorke,5
Young,5
Yuasa,5
Yusuf,5
Zaoui,5
Zhang,5
Zheng,5
Zhong,5
Zhuan,5
Zogby,5
Abdi,4
Abel,4
Adam,4
Adey,4
Agar,4
Aida,4
Aird,4
Alam,4
Amin,4
Amod,4
Amor,4
Amos,4
Ando,4
Aodh,4
Aoki,4
Arah,4
Arai,4
Artz,4
Asai,4
Ashe,4
Asom,4
Auer,4
Aust,4
Aves,4
Avis,4
Awad,4
Axon,4
Aziz,4
Baba,4
Bach,4
Bähr,4
Bain,4
Bale,4
Ball,4
Barr,4
Bass,4
Bata,4
Bate,4
Batt,4
Baum,4
Beal,4
Bean,4
Bear,4
Beck,4
Beer,4
Bell,4
Benn,4
Berg,4
Best,4
Bian,4
Bill,4
Bing,4
Bird,4
Blau,4
Boer,4
Böhm,4
Bohn,4
Bond,4
Bone,4
Boon,4
Boyd,4
Bran,4
Bray,4
Brun,4
Buck,4
Budd,4
Bugg,4
Buhr,4
Bull,4
Burn,4
Burr,4
Burt,4
Bush,4
Butt,4
Cain,4
Cann,4
Carr,4
Chai,4
Cham,4
Chan,4
Chao,4
Chen,4
Chew,4
Chin,4
Chou,4
Clay,4
Cole,4
Coll,4
Cong,4
Conn,4
Cook,4
Cope,4
Core,4
Corr,4
Cove,4
Crew,4
Crow,4
Cuan,4
Dack,4
Dahl,4
Dale,4
Daly,4
Dann,4
Darr,4
Date,4
Davy,4
Dawe,4
Dean,4
Deeb,4
Dell,4
Deng,4
Dent,4
Depp,4
Dick,4
Ding,4
Dodd,4
Dong,4
Donn,4
Doon,4
Dora,4
Dove,4
Down,4
Drew,4
Duan,4
Duck,4
Duff,4
Duke,4
Dunn,4
Dürr,4
Dutt,4
Dyde,4
Dyer,4
Eade,4
Ealy,4
Earl,4
East,4
Ebbs,4
Eddy,4
Eden,4
Edge,4
Edon,4
Egan,4
Ekin,4
Eley,4
Elms,4
Emms,4
Endo,4
Enns,4
Eoin,4
Esan,4
Essa,4
Ewin,4
Exon,4
Eyre,4
Fabb,4
Fahy,4
Falk,4
Fall,4
Farr,4
Fawn,4
Faye,4
Feld,4
Fell,4
Feng,4
Fenn,4
Fern,4
Finn,4
Fish,4
Fisk,4
Fogg,4
Ford,4
Foss,4
Foth,4
Frei,4
Frey,4
Froy,4
Fung,4
Fuse,4
Fuwa,4
Gale,4
Gall,4
Garb,4
Gass,4
Gauk,4
Gell,4
Gene,4
Geng,4
Gibb,4
Gill,4
Glen,4
Glew,4
Godo,4
Goff,4
Gold,4
Gong,4
Good,4
Goto,4
Gott,4
Gray,4
Grey,4
Gros,4
Guan,4
Gunn,4
Haas,4
Haga,4
Hahn,4
Haik,4
Hale,4
Hall,4
Hama,4
Hand,4
Hang,4
Hara,4
Harb,4
Hart,4
Hase,4
Hass,4
Head,4
Helm,4
Hida,4
Higo,4
Hike,4
Hill,4
Hind,4
Hine,4
Hino,4
Hira,4
Hiro,4
Hoch,4
Hogg,4
Hojo,4
Hole,4
Holl,4
Holt,4
Hong,4
Hood,4
Hook,4
Hope,4
Hori,4
Horn,4
Houk,4
Howe,4
Huan,4
Huff,4
Huie,4
Hull,4
Hume,4
Hunt,4
Hyde,4
Ibbs,4
Iida,4
Iles,4
Imai,4
Imoo,4
Inao,4
Irie,4
Issa,4
Itoh,4
Ivor,4
Jans,4
Janz,4
Jems,4
Jian,4
Jiao,4
Jing,4
John,4
Joss,4
Juan,4
Jubb,4
Judd,4
Jund,4
Jung,4
Jupp,4
Jury,4
Kacy,4
Kada,4
Kalb,4
Kamo,4
Kane,4
Kang,4
Kano,4
Karl,4
Kase,4
Kate,4
Kato,4
Katz,4
Kaul,4
Kaur,4
Kaye,4
Kaza,4
Keal,4
Keay,4
Keil,4
Keir,4
Kelk,4
Kell,4
Kemp,4
Kent,4
Kerr,4
Kett,4
Keys,4
Khan,4
Khoo,4
Kidd,4
Kido,4
Kilb,4
Kill,4
King,4
Kira,4
Kirk,4
Kita,4
Kitt,4
Klam,4
Knab,4
Knef,4
Knox,4
Kobi,4
Koch,4
Kock,4
Koga,4
Kogo,4
Kohl,4
Köhl,4
Kolt,4
Kone,4
Kong,4
Kono,4
Kopp,4
Kore,4
Kozu,4
Kram,4
Kron,4
Kuai,4
Kubo,4
Kudo,4
Kuga,4
Kuhn,4
Kuno,4
Kwan,4
Kwei,4
Kydd,4
Kyle,4
Lacy,4
Lake,4
Lamb,4
Lame,4
Lane,4
Lang,4
Last,4
Lawn,4
Laws,4
Leal,4
Leck,4
Leek,4
Lees,4
Legg,4
Lenz,4
Levy,4
Leys,4
Lian,4
Liao,4
Lind,4
Line,4
Ling,4
Loat,4
Lobb,4
Lock,4
Loft,4
Lois,4
Long,4
Lord,4
Love,4
Lowe,4
Löwe,4
Luce,4
Luke,4
Lumb,4
Lunn,4
Lunt,4
Lyes,4
Lyme,4
Lynn,4
Lyon,4
Maas,4
Mace,4
Mack,4
Main,4
Mair,4
Mann,4
Marr,4
Maus,4
Mein,4
Meng,4
Metz,4
Miao,4
Miki,4
Mill,4
Ming,4
Miwa,4
Moon,4
More,4
Mori,4
Moss,4
Moto,4
Muir,4
Muro,4
Muso,4
Nair,4
Nash,4
Neal,4
Nedd,4
Neil,4
Nero,4
Ness,4
Nijo,4
Noda,4
Nogi,4
Nood,4
Noon,4
Nord,4
Norm,4
Noro,4
Nose,4
Nott,4
Nova,4
Nunn,4
Nutt,4
Oaks,4
Odam,4
Oddy,4
Odea,4
Ogyu,4
Ohba,4
Ohka,4
Ohme,4
Okey,4
Okui,4
Olan,4
Olds,4
Oman,4
Onoe,4
Ooka,4
Oram,4
Orme,4
Otsu,4
Otto,4
Ould,4
Owen,4
Oxby,4
Pack,4
Page,4
Pang,4
Papp,4
Park,4
Parr,4
Paul,4
Peal,4
Peat,4
Peck,4
Peel,4
Pegg,4
Pell,4
Peng,4
Penn,4
Pett,4
Pian,4
Pick,4
Pike,4
Pine,4
Ping,4
Pipe,4
Pitt,4
Pole,4
Pond,4
Poon,4
Pope,4
Pugh,4
Putt,4
Pyle,4
Qian,4
Qiao,4
Qing,4
Quan,4
Ramm,4
Rand,4
Rang,4
Rann,4
Rapp,4
Read,4
Reay,4
Reed,4
Rees,4
Reid,4
Rhys,4
Rian,4
Rice,4
Rich,4
Rick,4
Rier,4
Rigg,4
Ring,4
Rinn,4
Robb,4
Robe,4
Roff,4
Rong,4
Rook,4
Rory,4
Rose,4
Ross,4
Roth,4
Rowe,4
Ruan,4
Rudd,4
Ruff,4
Rugg,4
Rush,4
Rust,4
Ryan,4
Sada,4
Saga,4
Said,4
Saji,4
Salt,4
Sano,4
Sato,4
Seah,4
Seer,4
Seif,4
Seow,4
Seto,4
Shah,4
Shan,4
Shao,4
Shaw,4
Shea,4
Shen,4
Shui,4
Shum,4
Shuo,4
Siew,4
Sims,4
Sitz,4
Smit,4
Snow,4
Soga,4
Soho,4
Soma,4
Sone,4
Song,4
Sorg,4
Swan,4
Tait,4
Taka,4
Taku,4
Tang,4
Tani,4
Tarr,4
Tate,4
Teal,4
Tedd,4
Tell,4
Teng,4
Teoh,4
Thom,4
Tian,4
Till,4
Tips,4
Toal,4
Todd,4
Togo,4
Tojo,4
Toma,4
Toms,4
Tong,4
Tono,4
Topp,4
Toru,4
Tosh,4
Trew,4
Tsen,4
Tuck,4
Tuma,4
Tyne,4
Ueda,4
Uoya,4
Vale,4
Vane,4
Vann,4
Vass,4
Vine,4
Vogt,4
Volk,4
Voll,4
Voss,4
Wade,4
Wain,4
Wale,4
Wall,4
Wane,4
Wang,4
Ward,4
Ware,4
Warn,4
Watt,4
Webb,4
Weir,4
Weng,4
Were,4
West,4
Wild,4
Will,4
Winn,4
Wirt,4
Wise,4
Wolf,4
Wong,4
Wood,4
Wray,4
Wren,4
Wyer,4
Xian,4
Xiao,4
Xing,4
Xuan,4
Yang,4
Yano,4
Yapp,4
Yard,4
Ying,4
Yong,4
York,4
Yuan,4
Yule,4
Zang,4
Zeng,4
Zhai,4
Zhan,4
Zhao,4
Zhen,4
Zhou,4
Zhui,4
Zhuo,4
Zong,4
Abe,3
Abt,3
Ali,3
Ang,3
Aue,3
Bai,3
Ban,3
Bao,3
Baz,3
Bei,3
Bob,3
Bui,3
Cai,3
Cao,3
Cen,3
Che,3
Chi,3
Chu,3
Cox,3
Cui,3
Dai,3
Dan,3
Day,3
Doi,3
Dou,3
Eda,3
Eng,3
Eto,3
Fan,3
Fei,3
Fox,3
Fux,3
Gai,3
Gan,3
Gao,3
Gim,3
Gok,3
Gou,3
Gui,3
Guo,3
Han,3
Hao,3
Hay,3
Hew,3
Hiu,3
Hor,3
Hou,3
Hua,3
Hui,3
Huo,3
Ibi,3
Ibu,3
Ina,3
Ino,3
Isa,3
Ise,3
Ito,3
Jia,3
Jin,3
Jiu,3
Joe,3
Jue,3
Kan,3
Kau,3
Kay,3
Khu,3
Kon,3
Koo,3
Kui,3
Lai,3
Lam,3
Lao,3
Lau,3
Law,3
Lee,3
Lew,3
Lim,3
Lin,3
Liu,3
Loh,3
Lu:,3
Luo,3
Mac,3
Mah,3
Mai,3
Mak,3
Man,3
Mao,3
Mar,3
Mas,3
May,3
Mei,3
Min,3
Moy,3
Mui,3
Nao,3
Nie,3
Niu,3
Ono,3
Ota,3
Ott,3
Ozu,3
Pan,3
Pei,3
Qin,3
Qiu,3
Que,3
Ran,3
Rao,3
Rot,3
Rui,3
Sam,3
See,3
Sen,3
Seo,3
Sha,3
She,3
Shi,3
Shu,3
Siu,3
Sui,3
Sum,3
Sun,3
Sze,3
Tai,3
Tan,3
Tao,3
Tow,3
Tse,3
Tso,3
Tze,3
Uno,3
Wan,3
Wei,3
Wen,3
Won,3
Woo,3
Xie,3
Xin,3
Xue,3
Xun,3
Yan,3
Yao,3
Yap,3
Yau,3
Yee,3
Yep,3
Yim,3
Yin,3
You,3
Yue,3
Yun,3
Zha,3
Zhi,3
Zhu,3
Zou,3
Ba,2
Ii,2
Jo,2
Ki,2
Ko,2
Ui,2